[{"model": "webapi.user", "pk": 7, "fields": {"fname": "-", "lname": "-", "email": "jawadsheikh224@gmail11.com", "username": "jawadsheikh2241955", "password": "pbkdf2_sha256$29000$R5iY0xMIb6fU$XRMr0h5ZqhWDKztvonvb69d58GLreln/rXuXJw/8VD4=", "role": "normaluser", "profile": "SuperAdmin/dummy.jpg", "Otp": 0, "OtpStatus": "False", "passwordstatus": "False", "status": "True", "OtpCount": 0}}, {"model": "webapi.user", "pk": 8, "fields": {"fname": "shakeeb", "lname": "anwar", "email": "shakeeb@gmail.com", "username": "shakeeb2771", "password": "pbkdf2_sha256$29000$4mcA40MzjGwr$3frW7ZrIb9uaaWvRQf2x4/hF6gWbJYWuT//zdXhhoBE=", "role": "editor", "profile": "Users/91195__01_1__1.jpg", "Otp": 0, "OtpStatus": "False", "passwordstatus": "False", "status": "True", "OtpCount": 0}}, {"model": "webapi.user", "pk": 9, "fields": {"fname": "Muhammad", "lname": "Ibrar", "email": "babuibrar@gmail.com", "username": "babuibrar5627", "password": "pbkdf2_sha256$29000$5knUrZx4DSSG$25zJvmsAXBfTc5l180nX9dAza89V/SZ9iu0Yzuqcr7o=", "role": "normaluser", "profile": "SuperAdmin/dummy.jpg", "Otp": 4355, "OtpStatus": "True", "passwordstatus": "False", "status": "True", "OtpCount": 0}}, {"model": "webapi.user", "pk": 10, "fields": {"fname": "Babu", "lname": "Ibrar", "email": "babuibrar93@gmail.com", "username": "babuibrar931734", "password": "pbkdf2_sha256$29000$7Vs8dT9FNjLS$7864BOxjJHdUafuBGCE82uJMom8kuWk85NyiBOjqlhs=", "role": "normaluser", "profile": "Users/236194086_2633774150257427_4808462419174702197_n.jpg", "Otp": 2417, "OtpStatus": "True", "passwordstatus": "False", "status": "True", "OtpCount": 0}}, {"model": "webapi.user", "pk": 11, "fields": {"fname": "-", "lname": "-", "email": "babuibrar44@gmail.com", "username": "babuibrar446433", "password": "pbkdf2_sha256$29000$KiWswcNZ3nGo$XBQhRgdcpgSaRMqux0/pfCZz4Vb4YYXriELAOjWGEjA=", "role": "normaluser", "profile": "SuperAdmin/dummy.jpg", "Otp": 0, "OtpStatus": "False", "passwordstatus": "False", "status": "True", "OtpCount": 0}}, {"model": "webapi.user", "pk": 12, "fields": {"fname": "-", "lname": "-", "email": "babuibrar4@gmail.com", "username": "babuibrar43112", "password": "pbkdf2_sha256$29000$Rh2eeZ0nZz6w$j09PIR5rTvFPbCu/XDv1rmFhiq2RtsBcq4lZJiRKUtE=", "role": "normaluser", "profile": "SuperAdmin/dummy.jpg", "Otp": 0, "OtpStatus": "False", "passwordstatus": "False", "status": "True", "OtpCount": 0}}, {"model": "webapi.user", "pk": 13, "fields": {"fname": "", "lname": "", "email": "shakeeb11234@gmail.com", "username": "shakeeb11234", "password": "pbkdf2_sha256$29000$4phre5PvZWwh$wDrFqNPyS7S5WGTerSN9GV1eycKrLpCGJb3k6PDrq4I=", "role": "normaluser", "profile": "SuperAdmin/dummy.jpg", "Otp": 0, "OtpStatus": "False", "passwordstatus": "False", "status": "False", "OtpCount": 0}}, {"model": "webapi.user", "pk": 14, "fields": {"fname": "", "lname": "", "email": "babuibrar66@gmail.com", "username": "MuhammadIbrar", "password": "pbkdf2_sha256$29000$sVcGUR0zfN37$/eaq2JU7+J6zgYhxSuAN2xoR+Ps4EyT75B0tBqxpn9k=", "role": "normaluser", "profile": "SuperAdmin/dummy.jpg", "Otp": 0, "OtpStatus": "False", "passwordstatus": "False", "status": "False", "OtpCount": 0}}, {"model": "webapi.user", "pk": 15, "fields": {"fname": "", "lname": "", "email": "babuibrar3355@gmail.com", "username": "MuhammadIbrarji", "password": "pbkdf2_sha256$29000$4sXlcKgkfkNL$6/zX3Ya6i339DOVbq2PeGa3KgFWPfgMtXZ8MdI3ekqE=", "role": "normaluser", "profile": "SuperAdmin/dummy.jpg", "Otp": 0, "OtpStatus": "False", "passwordstatus": "False", "status": "False", "OtpCount": 0}}, {"model": "webapi.user", "pk": 16, "fields": {"fname": "-", "lname": "-", "email": "shakeeb11@gmail.com", "username": "shakeeb11", "password": "pbkdf2_sha256$29000$y9tKX7Sb7k51$S0EbbD76Y2GG+9PvCcBUC6VS4PCPt9VMpYuiGCJxu6s=", "role": "normaluser", "profile": "SuperAdmin/dummy.jpg", "Otp": 0, "OtpStatus": "False", "passwordstatus": "False", "status": "True", "OtpCount": 0}}, {"model": "webapi.user", "pk": 17, "fields": {"fname": "", "lname": "", "email": "iamemail@gmail.com", "username": "iamemail", "password": "pbkdf2_sha256$29000$elsuZNJCCi6b$ogo0SUTVp/cXxjkXJ1tZjomM2nG6nMSYM6N5kyx7fbE=", "role": "normaluser", "profile": "SuperAdmin/dummy.jpg", "Otp": 0, "OtpStatus": "False", "passwordstatus": "False", "status": "False", "OtpCount": 0}}, {"model": "webapi.user", "pk": 18, "fields": {"fname": "-", "lname": "-", "email": "iamemail11@gmail.com", "username": "IamEmail", "password": "pbkdf2_sha256$29000$QFtK3n3Iycdi$aGANnNAI9rJQL7ZHIIoAybw8/W4GIZKDoRqa8HlKEJE=", "role": "normaluser", "profile": "SuperAdmin/dummy.jpg", "Otp": 0, "OtpStatus": "False", "passwordstatus": "False", "status": "True", "OtpCount": 0}}, {"model": "webapi.user", "pk": 19, "fields": {"fname": "", "lname": "", "email": "babuibrarasif@gmail.com", "username": "MuhammadIbrarAsif", "password": "pbkdf2_sha256$29000$JZUeFkjgOj9H$GwsLNWfkU3ugPKS6p/eEFKnXa2GT5b1b8lcIQo19CVM=", "role": "normaluser", "profile": "SuperAdmin/dummy.jpg", "Otp": 0, "OtpStatus": "False", "passwordstatus": "False", "status": "False", "OtpCount": 0}}, {"model": "webapi.user", "pk": 20, "fields": {"fname": "Muhammad", "lname": "ibrar", "email": "babuibrarasifji@gmail.com", "username": "BabuIbrarAsifji", "password": "pbkdf2_sha256$29000$t1YmUurtRmLq$JUKyEbHeHZiaEAV2InVCsieL3hQoWCaqobSapiK5NYk=", "role": "normaluser", "profile": "SuperAdmin/dummy.jpg", "Otp": 0, "OtpStatus": "False", "passwordstatus": "False", "status": "True", "OtpCount": 0}}, {"model": "webapi.user", "pk": 21, "fields": {"fname": "--", "lname": "-", "email": "golf@gmail.com", "username": "ererere", "password": "pbkdf2_sha256$29000$6T1rR0oDpX8u$K0mfFOxtW/nkeNZqsFYVC9eqeGdakEuxKzgty2v3N/I=", "role": "normaluser", "profile": "SuperAdmin/dummy.jpg", "Otp": 0, "OtpStatus": "False", "passwordstatus": "False", "status": "True", "OtpCount": 0}}, {"model": "webapi.user", "pk": 23, "fields": {"fname": "-", "lname": "-", "email": "ali.raees500@gmail.com", "username": "aliraees", "password": "pbkdf2_sha256$29000$mRdJOXlfOiRx$QBdoQm9NfQmWkCJyXuXA23/ib+jAxrAl7W25MxqyN40=", "role": "normaluser", "profile": "SuperAdmin/dummy.jpg", "Otp": 3440, "OtpStatus": "False", "passwordstatus": "True", "status": "True", "OtpCount": 0}}, {"model": "webapi.user", "pk": 24, "fields": {"fname": "-", "lname": "-", "email": "15140055@gift.edu.pk", "username": "aliraees5", "password": "pbkdf2_sha256$29000$JYtWl55PLu1A$sc3O4vNOSfor9wdpkhXQSHCV15Q57gvWeOPOYbNG454=", "role": "normaluser", "profile": "SuperAdmin/dummy.jpg", "Otp": 0, "OtpStatus": "False", "passwordstatus": "False", "status": "True", "OtpCount": 0}}, {"model": "webapi.user", "pk": 25, "fields": {"fname": "-", "lname": "-", "email": "yoyohoneysingh@gmail.com", "username": "Yoyohoneysingh", "password": "pbkdf2_sha256$29000$2KbyMlaryRV0$OQw0S9egmX1Nk0xa3X1sI53oV7AkSXfoqxZdCFI+vME=", "role": "normaluser", "profile": "SuperAdmin/dummy.jpg", "Otp": 0, "OtpStatus": "False", "passwordstatus": "False", "status": "True", "OtpCount": 0}}, {"model": "webapi.user", "pk": 26, "fields": {"fname": "-", "lname": "-", "email": "usamakhan6604@gmail.com", "username": "Shahrukh000", "password": "pbkdf2_sha256$29000$ahPkOqWG01eZ$29F/AZTBQpNe/PbyXW/IiUFPGowIqW32x6wWb5B1wrk=", "role": "normaluser", "profile": "SuperAdmin/dummy.jpg", "Otp": 0, "OtpStatus": "False", "passwordstatus": "False", "status": "True", "OtpCount": 0}}, {"model": "webapi.user", "pk": 97, "fields": {"fname": "shakeeb", "lname": "anwar", "email": "shakeebanwar250@gmail.com", "username": "shakeebanwar250", "password": "pbkdf2_sha256$29000$1LwubokmlVkB$Nh4wE0fZszbhPQFRDcvfLrTfSFC0pvmT9dXLS3e79oM=", "role": "normaluser", "profile": "SuperAdmin/dummy.jpg", "Otp": 0, "OtpStatus": "False", "passwordstatus": "False", "status": "True", "OtpCount": 0}}, {"model": "webapi.user", "pk": 98, "fields": {"fname": "", "lname": "", "email": "yoyoibrar93@gmail.com", "username": "Ibrarofficial", "password": "pbkdf2_sha256$29000$LcO7fhXzuLNk$OenROJPmfkUa9E8akh3K+1HOCAh6F5NeyeoTxmMssg0=", "role": "normaluser", "profile": "SuperAdmin/dummy.jpg", "Otp": 288269192944, "OtpStatus": "False", "passwordstatus": "False", "status": "False", "OtpCount": 0}}, {"model": "webapi.user", "pk": 99, "fields": {"fname": "", "lname": "", "email": "kamehameha@gmail.com", "username": "kamehameha", "password": "pbkdf2_sha256$29000$RxLVFGn5Dlmc$i6mEWfI2kyCs+Bo/lV2NteljcX7jUz8L1iN69+5NT6A=", "role": "normaluser", "profile": "SuperAdmin/dummy.jpg", "Otp": 946984669798, "OtpStatus": "False", "passwordstatus": "False", "status": "False", "OtpCount": 0}}, {"model": "webapi.user", "pk": 100, "fields": {"fname": "", "lname": "", "email": "kamehamehaa@gmail.com", "username": "kamehamehaa", "password": "pbkdf2_sha256$29000$cPcoYKpevCwT$NuiWYbTBiBxx3Jxi4y6OAFbti/ybdmmpoIrgl5CAJT0=", "role": "normaluser", "profile": "SuperAdmin/dummy.jpg", "Otp": 470277255724, "OtpStatus": "False", "passwordstatus": "False", "status": "False", "OtpCount": 0}}, {"model": "webapi.user", "pk": 101, "fields": {"fname": "", "lname": "", "email": "kamehamehaaa@gmail.com", "username": "kamehamehaaa", "password": "pbkdf2_sha256$29000$IqxtOIVL1thS$6yUS2i2G61px641bma6wxqKHqbBesfNGQOoxkIA8eHg=", "role": "normaluser", "profile": "SuperAdmin/dummy.jpg", "Otp": 788828537916, "OtpStatus": "False", "passwordstatus": "False", "status": "False", "OtpCount": 0}}, {"model": "webapi.user", "pk": 102, "fields": {"fname": "", "lname": "", "email": "kamehamehaaaa@gmail.com", "username": "kamehamehaaaa", "password": "pbkdf2_sha256$29000$d2wfOXHRvfQZ$V7QLOA3I39MSQIZ8OMdknYqoGYWd5cjgXvyPiqwT64A=", "role": "normaluser", "profile": "SuperAdmin/dummy.jpg", "Otp": 424843805179, "OtpStatus": "False", "passwordstatus": "False", "status": "False", "OtpCount": 0}}, {"model": "webapi.user", "pk": 103, "fields": {"fname": "", "lname": "", "email": "kamehamehaaaaa@gmail.com", "username": "kamehamehaaaaa", "password": "pbkdf2_sha256$29000$q9DJvVaw1FYz$q4KBQ+NRZfZROrmqJyIgZefQIPrNkc++/fi4HkM5xsw=", "role": "normaluser", "profile": "SuperAdmin/dummy.jpg", "Otp": 383947599171, "OtpStatus": "False", "passwordstatus": "False", "status": "False", "OtpCount": 0}}, {"model": "webapi.user", "pk": 104, "fields": {"fname": "", "lname": "", "email": "kamehamehaaaaaa@gmail.com", "username": "kamehamehaaaaaa", "password": "pbkdf2_sha256$29000$6amf0QRz4HBM$Z5CbEWcCZV9UxjKSL0Qi6qKah3x85Z40w3UxOpqhfT0=", "role": "normaluser", "profile": "SuperAdmin/dummy.jpg", "Otp": 796012298727, "OtpStatus": "False", "passwordstatus": "False", "status": "False", "OtpCount": 0}}, {"model": "webapi.user", "pk": 105, "fields": {"fname": "", "lname": "", "email": "kamehamehaaaaaaa@gmail.com", "username": "kamehamehaaaaaaa", "password": "pbkdf2_sha256$29000$jhhQpponmlVU$SB+LjnLFI/TFAQDFUOGxZqrYC2GSNnkIAWyG2HKhc1M=", "role": "normaluser", "profile": "SuperAdmin/dummy.jpg", "Otp": 390523779275, "OtpStatus": "False", "passwordstatus": "False", "status": "False", "OtpCount": 0}}, {"model": "webapi.user", "pk": 106, "fields": {"fname": "", "lname": "", "email": "casinova@gmail.com", "username": "casinova", "password": "pbkdf2_sha256$29000$00Co21Cq7V5B$HxB7iygtR+Zn/XyIQUniZCrI98m0i//Hn2RRzZpRfQ4=", "role": "normaluser", "profile": "SuperAdmin/dummy.jpg", "Otp": 196045439403, "OtpStatus": "False", "passwordstatus": "False", "status": "False", "OtpCount": 0}}, {"model": "webapi.user", "pk": 107, "fields": {"fname": "Malik", "lname": "Saab", "email": "saabm6546@gmail.com", "username": "saabm6546", "password": "pbkdf2_sha256$29000$TxTTdsRZ6suQ$QsY2RgT6FCWF0bW9rLMAPax3PZJvjCpCncWBKeaYD7o=", "role": "normaluser", "profile": "Users/Koala.jpg", "Otp": 0, "OtpStatus": "False", "passwordstatus": "False", "status": "True", "OtpCount": 0}}, {"model": "webapi.user", "pk": 109, "fields": {"fname": "", "lname": "", "email": "shahrukhkhan333@gmail.com", "username": "shahrukh007", "password": "pbkdf2_sha256$29000$B2ucT5oA1Rvs$/dj00Ur7JJDsMF4SyfVxFsTRrqYGEeRPl7WGq/I9364=", "role": "normaluser", "profile": "SuperAdmin/dummy.jpg", "Otp": 676080920172, "OtpStatus": "False", "passwordstatus": "False", "status": "False", "OtpCount": 0}}, {"model": "webapi.user", "pk": 110, "fields": {"fname": "", "lname": "", "email": "bloovee2021@gmail.com", "username": "bloovee", "password": "pbkdf2_sha256$29000$iwWodaxwl421$ThR4vjKQi71/AUR0Hzqyg1at9ZJkATV67IMT1Xkn1l4=", "role": "normaluser", "profile": "SuperAdmin/dummy.jpg", "Otp": 0, "OtpStatus": "False", "passwordstatus": "False", "status": "True", "OtpCount": 0}}, {"model": "webapi.user", "pk": 111, "fields": {"fname": "hnh", "lname": "tech", "email": "hnh@gmail.com", "username": "hnh", "password": "pbkdf2_sha256$29000$4mcA40MzjGwr$3frW7ZrIb9uaaWvRQf2x4/hF6gWbJYWuT//zdXhhoBE=", "role": "editor", "profile": "SuperAdmin/dummy.jpg", "Otp": 0, "OtpStatus": "False", "passwordstatus": "False", "status": "True", "OtpCount": 0}}, {"model": "webapi.user", "pk": 112, "fields": {"fname": "Quinn Best", "lname": "Ivory Hardy", "email": "xiqexadefe@mailinator.com", "username": "waxixum", "password": "pbkdf2_sha256$29000$1LwubokmlVkB$Nh4wE0fZszbhPQFRDcvfLrTfSFC0pvmT9dXLS3e79oM=", "role": "normaluser", "profile": "SuperAdmin/dummy.svg", "Otp": -6080479807402799000, "OtpStatus": "Maiores do", "passwordstatus": "Sed nostru", "status": "True", "OtpCount": 67}}, {"model": "webapi.user", "pk": 113, "fields": {"fname": "", "lname": "", "email": "yoyoibrar@gmail.com", "username": "yoyoibrar", "password": "pbkdf2_sha256$29000$mi6fxs5f95Q5$X01MFRwGYrlZ2BWwujLSAnWbdbNqGv4gYrObKk3m/Yg=", "role": "normaluser", "profile": "SuperAdmin/dummy.svg", "Otp": 501730932865, "OtpStatus": "False", "passwordstatus": "False", "status": "False", "OtpCount": 0}}, {"model": "webapi.user", "pk": 114, "fields": {"fname": "", "lname": "", "email": "connectthesky2021@gmail.com", "username": "Tomoo", "password": "pbkdf2_sha256$29000$TYZd0H4eFCcP$xfGOA+nkNOO75kMa9q3C9AN3zd+vttTahQ6E2TcPyzU=", "role": "normaluser", "profile": "SuperAdmin/dummy.svg", "Otp": 0, "OtpStatus": "False", "passwordstatus": "False", "status": "True", "OtpCount": 0}}, {"model": "webapi.user", "pk": 115, "fields": {"fname": "", "lname": "", "email": "muhammadshahrukhkhan6604@gmail.com", "username": "Usama007", "password": "pbkdf2_sha256$29000$J4sNoCOuPBRO$hpt4LhKmvmEhxcnZo7WBb2UduvyfT8i5Wr8etCy5SeA=", "role": "normaluser", "profile": "SuperAdmin/dummy.svg", "Otp": 0, "OtpStatus": "False", "passwordstatus": "False", "status": "True", "OtpCount": 0}}, {"model": "webapi.user", "pk": 117, "fields": {"fname": "Shahrukh", "lname": "Khan", "email": "shahrukhkkhan333@gmail.com", "username": "Shahrukh007", "password": "pbkdf2_sha256$29000$KtVmiGMLTaiV$/1j9Gidk2ukudw5NQpMgLFpxRdp+50CctuSAy3KgDBc=", "role": "normaluser", "profile": "SuperAdmin/dummy.svg", "Otp": 0, "OtpStatus": "False", "passwordstatus": "False", "status": "True", "OtpCount": 0}}, {"model": "webapi.blacklisttoken", "pk": 1, "fields": {"token": "eyJ0eXAiOiJKV1QiLCJhbGciOiJIUzI1NiJ9.eyJpZCI6OCwidXNlcm5hbWUiOiJzaGFrZWViIiwiZW1haWwiOiJzaGFrZWViQGdtYWlsLmNvbSIsImV4cCI6MTY1NDY4NzQwNywiaWF0IjoxNjU0NjAxMDA3fQ.h0D-Zv2_qLbsfTACAd95SIiRfuMU_5wbTfZLHrY41AM", "user": 8}}, {"model": "webapi.blacklisttoken", "pk": 2, "fields": {"token": "eyJ0eXAiOiJKV1QiLCJhbGciOiJIUzI1NiJ9.eyJpZCI6OCwidXNlcm5hbWUiOiJzaGFrZWViIiwiZW1haWwiOiJzaGFrZWViQGdtYWlsLmNvbSIsImV4cCI6MTY1NDY4NzMzNCwiaWF0IjoxNjU0NjAwOTM0fQ.uonMiZnMc3I2Dxb7fZlVdTJV-gOwwXyBqIgS9ZS4bNw", "user": 8}}, {"model": "webapi.blacklisttoken", "pk": 3, "fields": {"token": "eyJ0eXAiOiJKV1QiLCJhbGciOiJIUzI1NiJ9.eyJpZCI6OCwidXNlcm5hbWUiOiJqYXdhZCIsImVtYWlsIjoic2hha2VlYkBnbWFpbC5jb20iLCJleHAiOjE2NTQ2ODg4ODUsImlhdCI6MTY1NDYwMjQ4NX0.Pz_5yjxaniX_KWb9s__VXo0w5jWM8R1zQpj_rj276y8", "user": 8}}, {"model": "webapi.blacklisttoken", "pk": 4, "fields": {"token": "eyJ0eXAiOiJKV1QiLCJhbGciOiJIUzI1NiJ9.eyJpZCI6OCwidXNlcm5hbWUiOiJqYXdhZCIsImVtYWlsIjoic2hha2VlYkBnbWFpbC5jb20iLCJleHAiOjE2NTQ2OTM5MjIsImlhdCI6MTY1NDYwNzUyMn0.tBioqxfOybj9SpGN3eQdfEURgS12bvkFdDpToQtZrZY", "user": 8}}, {"model": "webapi.blacklisttoken", "pk": 5, "fields": {"token": "eyJ0eXAiOiJKV1QiLCJhbGciOiJIUzI1NiJ9.eyJpZCI6OCwidXNlcm5hbWUiOiJzaGFrZWViIiwiZW1haWwiOiJzaGFrZWViQGdtYWlsLmNvbSIsImV4cCI6MTY1NDcxNDI2NywiaWF0IjoxNjU0NjI3ODY3fQ.dmcnFWxrmd2EcADUeGo6PqGrjV7aCkcqnOKAYOzN_VA", "user": 8}}, {"model": "webapi.blacklisttoken", "pk": 6, "fields": {"token": "eyJ0eXAiOiJKV1QiLCJhbGciOiJIUzI1NiJ9.eyJpZCI6OCwidXNlcm5hbWUiOiJzaGFrZWViIiwiZW1haWwiOiJzaGFrZWViQGdtYWlsLmNvbSIsImV4cCI6MTY1NjIzODI1NiwiaWF0IjoxNjU2MTUxODU2fQ.zGikvhBuspPVvtz9X5TvrVckLh_oDeGUJHCDMBAkkwE", "user": 8}}, {"model": "webapi.blacklisttoken", "pk": 7, "fields": {"token": "eyJ0eXAiOiJKV1QiLCJhbGciOiJIUzI1NiJ9.eyJpZCI6OCwidXNlcm5hbWUiOiJzaGFrZWViIiwiZW1haWwiOiJzaGFrZWViQGdtYWlsLmNvbSIsImV4cCI6MTY1NjIzOTc1MiwiaWF0IjoxNjU2MTUzMzUyfQ.oBuFmUv5hAY2VmZpmOCRC_ILnossueXSaOiZ3-r_UkY", "user": 8}}, {"model": "webapi.blacklisttoken", "pk": 8, "fields": {"token": "eyJ0eXAiOiJKV1QiLCJhbGciOiJIUzI1NiJ9.eyJpZCI6OCwidXNlcm5hbWUiOiJzaGFrZWViIiwiZW1haWwiOiJzaGFrZWViQGdtYWlsLmNvbSIsImV4cCI6MTY1NjY2MDE5OCwiaWF0IjoxNjU2NTczNzk4fQ.qZERXG-S8IrxDwDG0rosQ4Z-bslURsgfiKnxTdeJ3n0", "user": 8}}, {"model": "webapi.blacklisttoken", "pk": 9, "fields": {"token": "eyJ0eXAiOiJKV1QiLCJhbGciOiJIUzI1NiJ9.eyJpZCI6MTAsInVzZXJuYW1lIjoiQmFidSIsImVtYWlsIjoiYmFidWlicmFyOTNAZ21haWwuY29tIiwiZXhwIjoxNjU2NjYxMzY5LCJpYXQiOjE2NTY1NzQ5Njl9.o7ir1rVkerF2rlRO-8evrIOnwl35V3NUbkOjilQuHM8", "user": 10}}, {"model": "webapi.blacklisttoken", "pk": 10, "fields": {"token": "eyJ0eXAiOiJKV1QiLCJhbGciOiJIUzI1NiJ9.eyJpZCI6MTAsInVzZXJuYW1lIjoiQmFidSIsImVtYWlsIjoiYmFidWlicmFyOTNAZ21haWwuY29tIiwiZXhwIjoxNjU2NjYyMjA0LCJpYXQiOjE2NTY1NzU4MDR9.JKOwMIXAnIg-5oYv2NGh7Aglw7_C3ruNyb9vB0m37-E", "user": 10}}, {"model": "webapi.blacklisttoken", "pk": 11, "fields": {"token": "eyJ0eXAiOiJKV1QiLCJhbGciOiJIUzI1NiJ9.eyJpZCI6MTAsInVzZXJuYW1lIjoiQmFidSIsImVtYWlsIjoiYmFidWlicmFyOTNAZ21haWwuY29tIiwiZXhwIjoxNjU2NjYyNDIyLCJpYXQiOjE2NTY1NzYwMjJ9.QlcqwITh0POpLnUkogHO-m8kUIOlhGNp8FLntWjpPUo", "user": 10}}, {"model": "webapi.blacklisttoken", "pk": 12, "fields": {"token": "eyJ0eXAiOiJKV1QiLCJhbGciOiJIUzI1NiJ9.eyJpZCI6MTAsInVzZXJuYW1lIjoiQmFidSIsImVtYWlsIjoiYmFidWlicmFyOTNAZ21haWwuY29tIiwiZXhwIjoxNjU2NjYyNTA5LCJpYXQiOjE2NTY1NzYxMDl9.qRVw_Vcp-wNammPcjv8rQP7_lIEaMOecahmJp0wp0cw", "user": 10}}, {"model": "webapi.blacklisttoken", "pk": 13, "fields": {"token": "eyJ0eXAiOiJKV1QiLCJhbGciOiJIUzI1NiJ9.eyJpZCI6MTAsInVzZXJuYW1lIjoiQmFidSIsImVtYWlsIjoiYmFidWlicmFyOTNAZ21haWwuY29tIiwiZXhwIjoxNjU2NjYyODA0LCJpYXQiOjE2NTY1NzY0MDR9.lhx0zS_wEM-Y9FD_FkbcWNs8wcSrm8sDBDyrShYB5Wc", "user": 10}}, {"model": "webapi.blacklisttoken", "pk": 14, "fields": {"token": "eyJ0eXAiOiJKV1QiLCJhbGciOiJIUzI1NiJ9.eyJpZCI6MTAsInVzZXJuYW1lIjoiQmFidSIsImVtYWlsIjoiYmFidWlicmFyOTNAZ21haWwuY29tIiwiZXhwIjoxNjU2NjYyOTI3LCJpYXQiOjE2NTY1NzY1Mjd9.pe48MKd-af0kvOVKr-8wHZUQwY4vC7lOmObw6oWdcgQ", "user": 10}}, {"model": "webapi.blacklisttoken", "pk": 15, "fields": {"token": "eyJ0eXAiOiJKV1QiLCJhbGciOiJIUzI1NiJ9.eyJpZCI6MTAsInVzZXJuYW1lIjoiQmFidSIsImVtYWlsIjoiYmFidWlicmFyOTNAZ21haWwuY29tIiwiZXhwIjoxNjU2NjYzMDIxLCJpYXQiOjE2NTY1NzY2MjF9.s5oKWrx4y6gOUPd37d5BF0FUgRQSH4um7uw3vCERo3Y", "user": 10}}, {"model": "webapi.blacklisttoken", "pk": 16, "fields": {"token": "eyJ0eXAiOiJKV1QiLCJhbGciOiJIUzI1NiJ9.eyJpZCI6OCwidXNlcm5hbWUiOiJzaGFrZWViIiwiZW1haWwiOiJzaGFrZWViQGdtYWlsLmNvbSIsImV4cCI6MTY1NjY2NjI1MywiaWF0IjoxNjU2NTc5ODUzfQ.wDeqAjzbFIEBP1KTvTkquiZBLXci3fvKv3XKodR_keY", "user": 8}}, {"model": "webapi.blacklisttoken", "pk": 17, "fields": {"token": "eyJ0eXAiOiJKV1QiLCJhbGciOiJIUzI1NiJ9.eyJpZCI6MTAsInVzZXJuYW1lIjoiQmFidSIsImVtYWlsIjoiYmFidWlicmFyOTNAZ21haWwuY29tIiwiZXhwIjoxNjU2NjcxMDA1LCJpYXQiOjE2NTY1ODQ2MDV9.JAKJy43duw_X7gBTWVNhc1PSb0OSAZzVHS9C8svnD_w", "user": 10}}, {"model": "webapi.blacklisttoken", "pk": 18, "fields": {"token": "eyJ0eXAiOiJKV1QiLCJhbGciOiJIUzI1NiJ9.eyJpZCI6OCwidXNlcm5hbWUiOiJzaGFrZWViIiwiZW1haWwiOiJzaGFrZWViQGdtYWlsLmNvbSIsImV4cCI6MTY1NjY3MTUxNCwiaWF0IjoxNjU2NTg1MTE0fQ.q7nx9uU3mjBRaQ89yVASi7SMoBkqNiQS9t3iKY4x5Tg", "user": 8}}, {"model": "webapi.blacklisttoken", "pk": 19, "fields": {"token": "eyJ0eXAiOiJKV1QiLCJhbGciOiJIUzI1NiJ9.eyJpZCI6MTAsInVzZXJuYW1lIjoiQmFidSIsImVtYWlsIjoiYmFidWlicmFyOTNAZ21haWwuY29tIiwiZXhwIjoxNjU2NjczMTUzLCJpYXQiOjE2NTY1ODY3NTN9.q5-_ZZvYtYw5kSRzN0P__fM8fuxOGGfLla12_iznwnU", "user": 10}}, {"model": "webapi.blacklisttoken", "pk": 20, "fields": {"token": "eyJ0eXAiOiJKV1QiLCJhbGciOiJIUzI1NiJ9.eyJpZCI6OCwidXNlcm5hbWUiOiJzaGFrZWViIiwiZW1haWwiOiJzaGFrZWViQGdtYWlsLmNvbSIsImV4cCI6MTY1NjY3NDIyMSwiaWF0IjoxNjU2NTg3ODIxfQ.watfYvi38q8NsLmVzycOtPIPevJka6q8Flmdtr3ENh4", "user": 8}}, {"model": "webapi.blacklisttoken", "pk": 21, "fields": {"token": "eyJ0eXAiOiJKV1QiLCJhbGciOiJIUzI1NiJ9.eyJpZCI6MTAsInVzZXJuYW1lIjoiQmFidSIsImVtYWlsIjoiYmFidWlicmFyOTNAZ21haWwuY29tIiwiZXhwIjoxNjU2Njc0MzYwLCJpYXQiOjE2NTY1ODc5NjB9.dmhsqEEfvdGOCBrwyO_nyWeZbHAxEuxMdJ6-t9aqsU4", "user": 10}}, {"model": "webapi.blacklisttoken", "pk": 22, "fields": {"token": "eyJ0eXAiOiJKV1QiLCJhbGciOiJIUzI1NiJ9.eyJpZCI6MTAsInVzZXJuYW1lIjoiQmFidSIsImVtYWlsIjoiYmFidWlicmFyOTNAZ21haWwuY29tIiwiZXhwIjoxNjU2NzQ3NjU2LCJpYXQiOjE2NTY2NjEyNTZ9.eQiJjG81_IBVWiyRL2waACcOO4EoRV1pRxnN6mG1k48", "user": 10}}, {"model": "webapi.blacklisttoken", "pk": 23, "fields": {"token": "eyJ0eXAiOiJKV1QiLCJhbGciOiJIUzI1NiJ9.eyJpZCI6MTAsInVzZXJuYW1lIjoiQmFidSIsImVtYWlsIjoiYmFidWlicmFyOTNAZ21haWwuY29tIiwiZXhwIjoxNjU2ODMxMTIxLCJpYXQiOjE2NTY3NDQ3MjF9.RA3FpFDePqFcR9aEtC49Xns-nyZGiV0yuIKxynBxmt4", "user": 10}}, {"model": "webapi.blacklisttoken", "pk": 24, "fields": {"token": "eyJ0eXAiOiJKV1QiLCJhbGciOiJIUzI1NiJ9.eyJpZCI6OCwidXNlcm5hbWUiOiJzaGFrZWViIiwiZW1haWwiOiJzaGFrZWViQGdtYWlsLmNvbSIsImV4cCI6MTY1Njg0NDU0MiwiaWF0IjoxNjU2NzU4MTQyfQ.ae2d8cErG_LXszyD6O-HirR_HQ8jc6dzi4YGhbZDkgQ", "user": 8}}, {"model": "webapi.blacklisttoken", "pk": 25, "fields": {"token": "eyJ0eXAiOiJKV1QiLCJhbGciOiJIUzI1NiJ9.eyJpZCI6OCwidXNlcm5hbWUiOiJzaGFrZWViIiwiZW1haWwiOiJzaGFrZWViQGdtYWlsLmNvbSIsImV4cCI6MTY1NjgzMTM5OCwiaWF0IjoxNjU2NzQ0OTk4fQ.quPEgHDOa5pRjBbhB-OrQehUuIqZx7eJk_eUrDVHZ7U", "user": 8}}, {"model": "webapi.blacklisttoken", "pk": 26, "fields": {"token": "eyJ0eXAiOiJKV1QiLCJhbGciOiJIUzI1NiJ9.eyJpZCI6OCwidXNlcm5hbWUiOiJzaGFrZWViIiwiZW1haWwiOiJzaGFrZWViQGdtYWlsLmNvbSIsImV4cCI6MTY1Njg0NTg0MiwiaWF0IjoxNjU2NzU5NDQyfQ.obaZCcPlzhm1LuaAVXJANshcqBxf2eIgMu39oGmkjo8", "user": 8}}, {"model": "webapi.blacklisttoken", "pk": 27, "fields": {"token": "eyJ0eXAiOiJKV1QiLCJhbGciOiJIUzI1NiJ9.eyJpZCI6MTAsInVzZXJuYW1lIjoiQmFidSIsImVtYWlsIjoiYmFidWlicmFyOTNAZ21haWwuY29tIiwiZXhwIjoxNjU2ODQ4NjY2LCJpYXQiOjE2NTY3NjIyNjZ9.HLxVqb3Pse-ZdfJ52TRggp7SCb-2Ommeb37WJ41bcD4", "user": 10}}, {"model": "webapi.blacklisttoken", "pk": 28, "fields": {"token": "eyJ0eXAiOiJKV1QiLCJhbGciOiJIUzI1NiJ9.eyJpZCI6OCwidXNlcm5hbWUiOiJzaGFrZWViIiwiZW1haWwiOiJzaGFrZWViQGdtYWlsLmNvbSIsImV4cCI6MTY1Njg0ODkyOSwiaWF0IjoxNjU2NzYyNTI5fQ.74TI9_ICfIZQU0SClHB2BJZcMorj4ivFtcr-T86Oyms", "user": 8}}, {"model": "webapi.blacklisttoken", "pk": 29, "fields": {"token": "eyJ0eXAiOiJKV1QiLCJhbGciOiJIUzI1NiJ9.eyJpZCI6MTAsInVzZXJuYW1lIjoiQmFidSIsImVtYWlsIjoiYmFidWlicmFyOTNAZ21haWwuY29tIiwiZXhwIjoxNjU3MDAwOTAwLCJpYXQiOjE2NTY5MTQ1MDB9.NKiReHmg2qg92AL2bBjKXcdMeTaei0l8uADGu97CtKg", "user": 10}}, {"model": "webapi.blacklisttoken", "pk": 30, "fields": {"token": "eyJ0eXAiOiJKV1QiLCJhbGciOiJIUzI1NiJ9.eyJpZCI6MTAsInVzZXJuYW1lIjoiQmFidSIsImVtYWlsIjoiYmFidWlicmFyOTNAZ21haWwuY29tIiwiZXhwIjoxNjU3MDAxMDIyLCJpYXQiOjE2NTY5MTQ2MjJ9.d06BY289PKA64kAkx8NuldfJgSIpTIhCll9TnumBrH4", "user": 10}}, {"model": "webapi.blacklisttoken", "pk": 31, "fields": {"token": "eyJ0eXAiOiJKV1QiLCJhbGciOiJIUzI1NiJ9.eyJpZCI6OCwidXNlcm5hbWUiOiJzaGFrZWViIiwiZW1haWwiOiJzaGFrZWViQGdtYWlsLmNvbSIsImV4cCI6MTY1NzAwNTY4NiwiaWF0IjoxNjU2OTE5Mjg2fQ.PdoFhmreQ6G0AzozLExNyfgch9fI3AbHQgJYT97x4bE", "user": 8}}, {"model": "webapi.blacklisttoken", "pk": 32, "fields": {"token": "eyJ0eXAiOiJKV1QiLCJhbGciOiJIUzI1NiJ9.eyJpZCI6OCwidXNlcm5hbWUiOiJzaGFrZWViIiwiZW1haWwiOiJzaGFrZWViQGdtYWlsLmNvbSIsImV4cCI6MTY1NzAwMTI5NywiaWF0IjoxNjU2OTE0ODk3fQ._VOD5_dUgfKEv58GxrVI8GHGYmAmaZtHdi9yflrI8Jo", "user": 8}}, {"model": "webapi.blacklisttoken", "pk": 33, "fields": {"token": "eyJ0eXAiOiJKV1QiLCJhbGciOiJIUzI1NiJ9.eyJpZCI6MTAsInVzZXJuYW1lIjoiQmFidSIsImVtYWlsIjoiYmFidWlicmFyOTNAZ21haWwuY29tIiwiZXhwIjoxNjU3MDE1MjAxLCJpYXQiOjE2NTY5Mjg4MDF9.ehKZ9lHLNpqOKboMaOpc1tn6wlI43bvitjJXdv5to_s", "user": 10}}, {"model": "webapi.blacklisttoken", "pk": 34, "fields": {"token": "eyJ0eXAiOiJKV1QiLCJhbGciOiJIUzI1NiJ9.eyJpZCI6OCwidXNlcm5hbWUiOiJzaGFrZWViIiwiZW1haWwiOiJzaGFrZWViQGdtYWlsLmNvbSIsImV4cCI6MTY1NzAxNjM1OCwiaWF0IjoxNjU2OTI5OTU4fQ.47pAuyVxhfkjO-KMlSIm1s8CRWTiaM3zGoWhXUvrl98", "user": 8}}, {"model": "webapi.blacklisttoken", "pk": 35, "fields": {"token": "eyJ0eXAiOiJKV1QiLCJhbGciOiJIUzI1NiJ9.eyJpZCI6MTAsInVzZXJuYW1lIjoiQmFidSIsImVtYWlsIjoiYmFidWlicmFyOTNAZ21haWwuY29tIiwiZXhwIjoxNjU3MDIwMjQ0LCJpYXQiOjE2NTY5MzM4NDR9.govfcljKTVWD3GNuMEbVJhFKA5TaXrHYx_U8r2x9Gas", "user": 10}}, {"model": "webapi.blacklisttoken", "pk": 36, "fields": {"token": "eyJ0eXAiOiJKV1QiLCJhbGciOiJIUzI1NiJ9.eyJpZCI6MTAsInVzZXJuYW1lIjoiQmFidSIsImVtYWlsIjoiYmFidWlicmFyOTNAZ21haWwuY29tIiwiZXhwIjoxNjU3MDIyNTg1LCJpYXQiOjE2NTY5MzYxODV9.xvya-3_CGtzyIVregT6nRatBWmSUyjkqsOYmRdM7wLE", "user": 10}}, {"model": "webapi.blacklisttoken", "pk": 37, "fields": {"token": "eyJ0eXAiOiJKV1QiLCJhbGciOiJIUzI1NiJ9.eyJpZCI6OCwidXNlcm5hbWUiOiJzaGFrZWViIiwiZW1haWwiOiJzaGFrZWViQGdtYWlsLmNvbSIsImV4cCI6MTY1NzAyNDA2NiwiaWF0IjoxNjU2OTM3NjY2fQ.7bOvqcq7KAYvsmf9J5cbSdj0EsbZlBmUgVD88nkxtns", "user": 8}}, {"model": "webapi.blacklisttoken", "pk": 38, "fields": {"token": "eyJ0eXAiOiJKV1QiLCJhbGciOiJIUzI1NiJ9.eyJpZCI6MTAsInVzZXJuYW1lIjoiQmFidSIsImVtYWlsIjoiYmFidWlicmFyOTNAZ21haWwuY29tIiwiZXhwIjoxNjU3MDI0NTkyLCJpYXQiOjE2NTY5MzgxOTJ9.6MurVVtK--t-E0m-TXZyBvaAz30pTYJRfDAfO9-eBwE", "user": 10}}, {"model": "webapi.blacklisttoken", "pk": 39, "fields": {"token": "eyJ0eXAiOiJKV1QiLCJhbGciOiJIUzI1NiJ9.eyJpZCI6MTAsInVzZXJuYW1lIjoiQmFidSIsImVtYWlsIjoiYmFidWlicmFyOTNAZ21haWwuY29tIiwiZXhwIjoxNjU3MDI5NTA4LCJpYXQiOjE2NTY5NDMxMDh9.z6lhaDfyNkpFXkOIS_k_EnCof8FWHUc_x3J9r5WeF_g", "user": 10}}, {"model": "webapi.blacklisttoken", "pk": 40, "fields": {"token": "eyJ0eXAiOiJKV1QiLCJhbGciOiJIUzI1NiJ9.eyJpZCI6OCwidXNlcm5hbWUiOiJzaGFrZWViIiwiZW1haWwiOiJzaGFrZWViQGdtYWlsLmNvbSIsImV4cCI6MTY1NzAyODg5NiwiaWF0IjoxNjU2OTQyNDk2fQ.-_VqxnrkZBCs47c8ElNSHDf2wJZvLhaZ-lpFDmQ51hc", "user": 8}}, {"model": "webapi.blacklisttoken", "pk": 41, "fields": {"token": "eyJ0eXAiOiJKV1QiLCJhbGciOiJIUzI1NiJ9.eyJpZCI6OCwidXNlcm5hbWUiOiJzaGFrZWViIiwiZW1haWwiOiJzaGFrZWViQGdtYWlsLmNvbSIsImV4cCI6MTY1NzAxNTk3OCwiaWF0IjoxNjU2OTI5NTc4fQ.ClBDbsm3VAwSpt0u0OTle9XQJWO2kaYxH_zWb69UuK0", "user": 8}}, {"model": "webapi.blacklisttoken", "pk": 42, "fields": {"token": "eyJ0eXAiOiJKV1QiLCJhbGciOiJIUzI1NiJ9.eyJpZCI6MTAsInVzZXJuYW1lIjoiQmFidSIsImVtYWlsIjoiYmFidWlicmFyOTNAZ21haWwuY29tIiwiZXhwIjoxNjU3MDk0ODUwLCJpYXQiOjE2NTcwMDg0NTB9.QenRVZg-_EQTb0nHGq1ZW6eysjoW3Y0rhnocyK-VMr0", "user": 10}}, {"model": "webapi.blacklisttoken", "pk": 43, "fields": {"token": "eyJ0eXAiOiJKV1QiLCJhbGciOiJIUzI1NiJ9.eyJpZCI6OCwidXNlcm5hbWUiOiJzaGFrZWViIiwiZW1haWwiOiJzaGFrZWViQGdtYWlsLmNvbSIsImV4cCI6MTY1NzA5NTIyOSwiaWF0IjoxNjU3MDA4ODI5fQ.Nwrj-ADPSgFwwqfRwV9uF5EsHmaYmuotdwZyoiB-OS0", "user": 8}}, {"model": "webapi.blacklisttoken", "pk": 44, "fields": {"token": "eyJ0eXAiOiJKV1QiLCJhbGciOiJIUzI1NiJ9.eyJpZCI6OCwidXNlcm5hbWUiOiJzaGFrZWViIiwiZW1haWwiOiJzaGFrZWViQGdtYWlsLmNvbSIsImV4cCI6MTY1NzAxMTUyMCwiaWF0IjoxNjU2OTI1MTIwfQ.pOF2rLMuBBjxKIFhXScIdGn_gLDxAFrm3IVmhLrk46A", "user": 8}}, {"model": "webapi.blacklisttoken", "pk": 45, "fields": {"token": "eyJ0eXAiOiJKV1QiLCJhbGciOiJIUzI1NiJ9.eyJpZCI6MTAsInVzZXJuYW1lIjoiQmFidSIsImVtYWlsIjoiYmFidWlicmFyOTNAZ21haWwuY29tIiwiZXhwIjoxNjU3MDk1NDUyLCJpYXQiOjE2NTcwMDkwNTJ9.8vQ0XgpIykeEuRL4OwWK9eIoHqsqlmuPq4iqMmd-PM8", "user": 10}}, {"model": "webapi.blacklisttoken", "pk": 46, "fields": {"token": "eyJ0eXAiOiJKV1QiLCJhbGciOiJIUzI1NiJ9.eyJpZCI6OCwidXNlcm5hbWUiOiJzaGFrZWViIiwiZW1haWwiOiJzaGFrZWViQGdtYWlsLmNvbSIsImV4cCI6MTY1NzA5NjI2MiwiaWF0IjoxNjU3MDA5ODYyfQ.CKfk0BbbqhtX5vGC3X8PkU3mRWXR_bpI1dSsLm-7Pc0", "user": 8}}, {"model": "webapi.blacklisttoken", "pk": 47, "fields": {"token": "eyJ0eXAiOiJKV1QiLCJhbGciOiJIUzI1NiJ9.eyJpZCI6MTAsInVzZXJuYW1lIjoiQmFidSIsImVtYWlsIjoiYmFidWlicmFyOTNAZ21haWwuY29tIiwiZXhwIjoxNjU3MDk2NDcwLCJpYXQiOjE2NTcwMTAwNzB9.bUiav1r4KR7SZsEnO2z-aRpXkQlpQYRmGPAlNM29rFA", "user": 10}}, {"model": "webapi.blacklisttoken", "pk": 48, "fields": {"token": "eyJ0eXAiOiJKV1QiLCJhbGciOiJIUzI1NiJ9.eyJpZCI6MTAsInVzZXJuYW1lIjoiQmFidSIsImVtYWlsIjoiYmFidWlicmFyOTNAZ21haWwuY29tIiwiZXhwIjoxNjU3MDkzNjk4LCJpYXQiOjE2NTcwMDcyOTh9.AAbf3IbtXrWqQ5GPXWa4QcUgoV6u4ttIeWBwfkBGOvw", "user": 10}}, {"model": "webapi.blacklisttoken", "pk": 49, "fields": {"token": "eyJ0eXAiOiJKV1QiLCJhbGciOiJIUzI1NiJ9.eyJpZCI6OCwidXNlcm5hbWUiOiJzaGFrZWViIiwiZW1haWwiOiJzaGFrZWViQGdtYWlsLmNvbSIsImV4cCI6MTY1NzA5NzU0NywiaWF0IjoxNjU3MDExMTQ3fQ.ciuJ7fLcqGmkQgKIqBMTG6nmXLKv921F1sNo0Zhapqo", "user": 8}}, {"model": "webapi.blacklisttoken", "pk": 50, "fields": {"token": "eyJ0eXAiOiJKV1QiLCJhbGciOiJIUzI1NiJ9.eyJpZCI6MTAsInVzZXJuYW1lIjoiQmFidSIsImVtYWlsIjoiYmFidWlicmFyOTNAZ21haWwuY29tIiwiZXhwIjoxNjU3MTAxNTc1LCJpYXQiOjE2NTcwMTUxNzV9.KignVlmdP5Nun7-vky0b_w8VChpFCQEpgxQCORhHWPE", "user": 10}}, {"model": "webapi.blacklisttoken", "pk": 51, "fields": {"token": "eyJ0eXAiOiJKV1QiLCJhbGciOiJIUzI1NiJ9.eyJpZCI6OCwidXNlcm5hbWUiOiJzaGFrZWViIiwiZW1haWwiOiJzaGFrZWViQGdtYWlsLmNvbSIsImV4cCI6MTY1NzEwMTk0MiwiaWF0IjoxNjU3MDE1NTQyfQ.OD0iZBZ8zHOnoiXjvlEO0TFjMdXSJ4EJanAzol9bJhk", "user": 8}}, {"model": "webapi.blacklisttoken", "pk": 52, "fields": {"token": "eyJ0eXAiOiJKV1QiLCJhbGciOiJIUzI1NiJ9.eyJpZCI6MTAsInVzZXJuYW1lIjoiQmFidSIsImVtYWlsIjoiYmFidWlicmFyOTNAZ21haWwuY29tIiwiZXhwIjoxNjU3MTAyMzIxLCJpYXQiOjE2NTcwMTU5MjF9.-On73NK9Gnvrleewk9hgtra3xgYVcRB12-s7-k2X0Es", "user": 10}}, {"model": "webapi.blacklisttoken", "pk": 53, "fields": {"token": "eyJ0eXAiOiJKV1QiLCJhbGciOiJIUzI1NiJ9.eyJpZCI6OCwidXNlcm5hbWUiOiJzaGFrZWViIiwiZW1haWwiOiJzaGFrZWViQGdtYWlsLmNvbSIsImV4cCI6MTY1NzEwMjUyOCwiaWF0IjoxNjU3MDE2MTI4fQ.FR1HndM0ijd1sgRewZ2V29BUHZsJnWarPFNag0l7OnY", "user": 8}}, {"model": "webapi.blacklisttoken", "pk": 54, "fields": {"token": "eyJ0eXAiOiJKV1QiLCJhbGciOiJIUzI1NiJ9.eyJpZCI6MTAsInVzZXJuYW1lIjoiQmFidSIsImVtYWlsIjoiYmFidWlicmFyOTNAZ21haWwuY29tIiwiZXhwIjoxNjU3MTA1MTkyLCJpYXQiOjE2NTcwMTg3OTJ9.m1ZtWfxJ3wVCj3pklD09r2GWpquZZmXf5DFFoOeQH5I", "user": 10}}, {"model": "webapi.blacklisttoken", "pk": 55, "fields": {"token": "eyJ0eXAiOiJKV1QiLCJhbGciOiJIUzI1NiJ9.eyJpZCI6OCwidXNlcm5hbWUiOiJzaGFrZWViIiwiZW1haWwiOiJzaGFrZWViQGdtYWlsLmNvbSIsImV4cCI6MTY1NzA5Nzg2MywiaWF0IjoxNjU3MDExNDYzfQ.P5sdsskgGaBXQtZ1MGfnEEXIQmhavO0RFx9B02gTBzo", "user": 8}}, {"model": "webapi.blacklisttoken", "pk": 56, "fields": {"token": "eyJ0eXAiOiJKV1QiLCJhbGciOiJIUzI1NiJ9.eyJpZCI6OCwidXNlcm5hbWUiOiJzaGFrZWViIiwiZW1haWwiOiJzaGFrZWViQGdtYWlsLmNvbSIsImV4cCI6MTY1NzEwNTM1MiwiaWF0IjoxNjU3MDE4OTUyfQ.8iR_26VscY7dJBS9eDZE25pn7mJpkjYsAAt6DbICY0I", "user": 8}}, {"model": "webapi.blacklisttoken", "pk": 57, "fields": {"token": "eyJ0eXAiOiJKV1QiLCJhbGciOiJIUzI1NiJ9.eyJpZCI6OCwidXNlcm5hbWUiOiJzaGFrZWViIiwiZW1haWwiOiJzaGFrZWViQGdtYWlsLmNvbSIsImV4cCI6MTY1NzA5NjY5OSwiaWF0IjoxNjU3MDEwMjk5fQ.J5mF8tA31bihA2cZgNPIfkemUfioD9kjfIIzreC6RZw", "user": 8}}, {"model": "webapi.blacklisttoken", "pk": 58, "fields": {"token": "eyJ0eXAiOiJKV1QiLCJhbGciOiJIUzI1NiJ9.eyJpZCI6MTAsInVzZXJuYW1lIjoiQmFidSIsImVtYWlsIjoiYmFidWlicmFyOTNAZ21haWwuY29tIiwiZXhwIjoxNjU3MTA4NzkzLCJpYXQiOjE2NTcwMjIzOTN9.yC2_o4e292NwmKWlqT37laJ5jlXDGnWR9K7oVC0UORk", "user": 10}}, {"model": "webapi.blacklisttoken", "pk": 59, "fields": {"token": "eyJ0eXAiOiJKV1QiLCJhbGciOiJIUzI1NiJ9.eyJpZCI6OCwidXNlcm5hbWUiOiJzaGFrZWViIiwiZW1haWwiOiJzaGFrZWViQGdtYWlsLmNvbSIsImV4cCI6MTY1NzEwODgzNywiaWF0IjoxNjU3MDIyNDM3fQ.Es6D7KUc6I6kLJupUsJiHZb2mb33pXSYgSlIzwZhx9M", "user": 8}}, {"model": "webapi.blacklisttoken", "pk": 60, "fields": {"token": "eyJ0eXAiOiJKV1QiLCJhbGciOiJIUzI1NiJ9.eyJpZCI6MTAsInVzZXJuYW1lIjoiQmFidSIsImVtYWlsIjoiYmFidWlicmFyOTNAZ21haWwuY29tIiwiZXhwIjoxNjU3MTA5MjEyLCJpYXQiOjE2NTcwMjI4MTJ9.VjoHIhf8XX_poSh-2sZHv7AsmLFznCoTX3Cohe5XS9M", "user": 10}}, {"model": "webapi.blacklisttoken", "pk": 61, "fields": {"token": "eyJ0eXAiOiJKV1QiLCJhbGciOiJIUzI1NiJ9.eyJpZCI6MTAsInVzZXJuYW1lIjoiQmFidSIsImVtYWlsIjoiYmFidWlicmFyOTNAZ21haWwuY29tIiwiZXhwIjoxNjU3MTA3MDUxLCJpYXQiOjE2NTcwMjA2NTF9.BJA7m8G_ex7URDQPsSzlbDCgkTf3PD4UDLocGafJBIw", "user": 10}}, {"model": "webapi.blacklisttoken", "pk": 62, "fields": {"token": "eyJ0eXAiOiJKV1QiLCJhbGciOiJIUzI1NiJ9.eyJpZCI6MTAsInVzZXJuYW1lIjoiQmFidSIsImVtYWlsIjoiYmFidWlicmFyOTNAZ21haWwuY29tIiwiZXhwIjoxNjU3MTA5OTg0LCJpYXQiOjE2NTcwMjM1ODR9.7R-uhzqf2pcaE8NaUhHyrt9k9v4qmyTRqSY5CvWECyI", "user": 10}}, {"model": "webapi.blacklisttoken", "pk": 63, "fields": {"token": "eyJ0eXAiOiJKV1QiLCJhbGciOiJIUzI1NiJ9.eyJpZCI6MTAsInVzZXJuYW1lIjoiQmFidSIsImVtYWlsIjoiYmFidWlicmFyOTNAZ21haWwuY29tIiwiZXhwIjoxNjU3MTEwMDM0LCJpYXQiOjE2NTcwMjM2MzR9.-kQPWbRIAFeEqQ1gA34IKN2t4hNIjFCHtlJyuxfbEKE", "user": 10}}, {"model": "webapi.blacklisttoken", "pk": 64, "fields": {"token": "eyJ0eXAiOiJKV1QiLCJhbGciOiJIUzI1NiJ9.eyJpZCI6MTAsInVzZXJuYW1lIjoiQmFidSIsImVtYWlsIjoiYmFidWlicmFyOTNAZ21haWwuY29tIiwiZXhwIjoxNjU3MTEwMzY0LCJpYXQiOjE2NTcwMjM5NjR9.0ocAtmHOwulFJrosdpNUWCdQ4pzwFplqEmhukGuCu1A", "user": 10}}, {"model": "webapi.blacklisttoken", "pk": 65, "fields": {"token": "eyJ0eXAiOiJKV1QiLCJhbGciOiJIUzI1NiJ9.eyJpZCI6OCwidXNlcm5hbWUiOiJzaGFrZWViIiwiZW1haWwiOiJzaGFrZWViQGdtYWlsLmNvbSIsImV4cCI6MTY1NzExMDI2MywiaWF0IjoxNjU3MDIzODYzfQ.aNgm0Pv0l66PEOXh5fKwVaV0hiSJnD9wEO2Gf4LiDDs", "user": 8}}, {"model": "webapi.blacklisttoken", "pk": 66, "fields": {"token": "eyJ0eXAiOiJKV1QiLCJhbGciOiJIUzI1NiJ9.eyJpZCI6OCwidXNlcm5hbWUiOiJzaGFrZWViIiwiZW1haWwiOiJzaGFrZWViQGdtYWlsLmNvbSIsImV4cCI6MTY1NzExMDM4OSwiaWF0IjoxNjU3MDIzOTg5fQ.-WAC8Xl-WbNnULTqYd4hlsSdqQwDD5I6UiSi5na8f6o", "user": 8}}, {"model": "webapi.blacklisttoken", "pk": 67, "fields": {"token": "eyJ0eXAiOiJKV1QiLCJhbGciOiJIUzI1NiJ9.eyJpZCI6MTAsInVzZXJuYW1lIjoiQmFidSIsImVtYWlsIjoiYmFidWlicmFyOTNAZ21haWwuY29tIiwiZXhwIjoxNjU3MTEwNDk3LCJpYXQiOjE2NTcwMjQwOTd9.zLKuriMzA3nWQszyHzkHNG27flaU9I1JeVN8xlD4S1E", "user": 10}}, {"model": "webapi.blacklisttoken", "pk": 68, "fields": {"token": "eyJ0eXAiOiJKV1QiLCJhbGciOiJIUzI1NiJ9.eyJpZCI6MTAsInVzZXJuYW1lIjoiQmFidSIsImVtYWlsIjoiYmFidWlicmFyOTNAZ21haWwuY29tIiwiZXhwIjoxNjU3MTExMzcyLCJpYXQiOjE2NTcwMjQ5NzJ9.Q_QwC6QwBDSafSK_9hy5j837yY7_VWnwVwazrtSP4Z4", "user": 10}}, {"model": "webapi.blacklisttoken", "pk": 69, "fields": {"token": "eyJ0eXAiOiJKV1QiLCJhbGciOiJIUzI1NiJ9.eyJpZCI6MTAsInVzZXJuYW1lIjoiQmFidSIsImVtYWlsIjoiYmFidWlicmFyOTNAZ21haWwuY29tIiwiZXhwIjoxNjU3MTA2OTE0LCJpYXQiOjE2NTcwMjA1MTR9.1qmRRMTwW3i5CFp8vuAb-d0FkwgOOuTFmYbI2z3XMRk", "user": 10}}, {"model": "webapi.blacklisttoken", "pk": 70, "fields": {"token": "eyJ0eXAiOiJKV1QiLCJhbGciOiJIUzI1NiJ9.eyJpZCI6OCwidXNlcm5hbWUiOiJzaGFrZWViIiwiZW1haWwiOiJzaGFrZWViQGdtYWlsLmNvbSIsImV4cCI6MTY1NzExMjk5MCwiaWF0IjoxNjU3MDI2NTkwfQ.USAVFs32jsDx61mGS-UykttwxIqkc4JcDlotfmUHZ2A", "user": 8}}, {"model": "webapi.blacklisttoken", "pk": 71, "fields": {"token": "eyJ0eXAiOiJKV1QiLCJhbGciOiJIUzI1NiJ9.eyJpZCI6MTAsInVzZXJuYW1lIjoiQmFidSIsImVtYWlsIjoiYmFidWlicmFyOTNAZ21haWwuY29tIiwiZXhwIjoxNjU3MTEwNTkwLCJpYXQiOjE2NTcwMjQxOTB9.ncMBZTgFaf4S3Na_Q1ybFwD0qQqKPrzT3aHgPem8Lm4", "user": 10}}, {"model": "webapi.blacklisttoken", "pk": 72, "fields": {"token": "eyJ0eXAiOiJKV1QiLCJhbGciOiJIUzI1NiJ9.eyJpZCI6OCwidXNlcm5hbWUiOiJzaGFrZWViIiwiZW1haWwiOiJzaGFrZWViQGdtYWlsLmNvbSIsImV4cCI6MTY1NzExMzE4NSwiaWF0IjoxNjU3MDI2Nzg1fQ.2p6Y5XLAVr1jSfEzm25bRGfjFxujWVgh9u6Zw1Fr6Ao", "user": 8}}, {"model": "webapi.blacklisttoken", "pk": 73, "fields": {"token": "eyJ0eXAiOiJKV1QiLCJhbGciOiJIUzI1NiJ9.eyJpZCI6OCwidXNlcm5hbWUiOiJzaGFrZWViIiwiZW1haWwiOiJzaGFrZWViQGdtYWlsLmNvbSIsImV4cCI6MTY1NzExNDQxMiwiaWF0IjoxNjU3MDI4MDEyfQ.DXTyqteAALRXIhk-Lz3yJVuQ2LZ8nuA1uZyoHHtW5w4", "user": 8}}, {"model": "webapi.blacklisttoken", "pk": 74, "fields": {"token": "eyJ0eXAiOiJKV1QiLCJhbGciOiJIUzI1NiJ9.eyJpZCI6MTEwLCJ1c2VybmFtZSI6IiIsImVtYWlsIjoiYmxvb3ZlZTIwMjFAZ21haWwuY29tIiwiZXhwIjoxNjU3MTE1MDYzLCJpYXQiOjE2NTcwMjg2NjN9.FQh2jwycKu2ZF7qLXK8Jfmi06jmjhb_IoKhZVUel4lw", "user": 110}}, {"model": "webapi.blacklisttoken", "pk": 75, "fields": {"token": "eyJ0eXAiOiJKV1QiLCJhbGciOiJIUzI1NiJ9.eyJpZCI6OCwidXNlcm5hbWUiOiJzaGFrZWViIiwiZW1haWwiOiJzaGFrZWViQGdtYWlsLmNvbSIsImV4cCI6MTY1NzExMTU0MSwiaWF0IjoxNjU3MDI1MTQxfQ.fqDRgDfUsGAhAiApDVQUekHXDdqWU4s-G4rVLhxGogg", "user": 8}}, {"model": "webapi.blacklisttoken", "pk": 76, "fields": {"token": "eyJ0eXAiOiJKV1QiLCJhbGciOiJIUzI1NiJ9.eyJpZCI6OCwidXNlcm5hbWUiOiJzaGFrZWViIiwiZW1haWwiOiJzaGFrZWViQGdtYWlsLmNvbSIsImV4cCI6MTY1NzMwMjExMiwiaWF0IjoxNjU3MjE1NzEyfQ.9qU9IEx5PCy9yJDFuxLhQi9d9YNRRV8iv7rdiJ5zqUc", "user": 8}}, {"model": "webapi.blacklisttoken", "pk": 77, "fields": {"token": "eyJ0eXAiOiJKV1QiLCJhbGciOiJIUzI1NiJ9.eyJpZCI6MTAsInVzZXJuYW1lIjoiQmFidSIsImVtYWlsIjoiYmFidWlicmFyOTNAZ21haWwuY29tIiwiZXhwIjoxNjU3NDM4MTUxLCJpYXQiOjE2NTczNTE3NTF9.iKWiTv8kNwekFyBqvEMqOOl1t-tpEjAXpns42UTsELI", "user": 10}}, {"model": "webapi.blacklisttoken", "pk": 78, "fields": {"token": "eyJ0eXAiOiJKV1QiLCJhbGciOiJIUzI1NiJ9.eyJpZCI6OCwidXNlcm5hbWUiOiJzaGFrZWViIiwiZW1haWwiOiJzaGFrZWViQGdtYWlsLmNvbSIsImV4cCI6MTY1NzQzODMwNywiaWF0IjoxNjU3MzUxOTA3fQ.uCQVDWoJiMdMhHfsOtAOLp-3lq5HagpYX3S2iJ0CSEM", "user": 8}}, {"model": "webapi.blacklisttoken", "pk": 79, "fields": {"token": "eyJ0eXAiOiJKV1QiLCJhbGciOiJIUzI1NiJ9.eyJpZCI6MTExLCJ1c2VybmFtZSI6ImhuaCIsImVtYWlsIjoiaG5oQGdtYWlsLmNvbSIsImV4cCI6MTY1Nzc4Mjc2MSwiaWF0IjoxNjU3Njk2MzYxfQ.VLP1WbETwoiTdigUYY0H1qrqIT4O9FzwZW5ow2eBsUY", "user": 111}}, {"model": "webapi.blacklisttoken", "pk": 80, "fields": {"token": "eyJ0eXAiOiJKV1QiLCJhbGciOiJIUzI1NiJ9.eyJpZCI6MTExLCJ1c2VybmFtZSI6ImhuaCIsImVtYWlsIjoiaG5oQGdtYWlsLmNvbSIsImV4cCI6MTY1Nzc4NDgxOCwiaWF0IjoxNjU3Njk4NDE4fQ.F7vmbZHJT8dFoe7e2SVUdC93wbpo2a2E5rMf4_ZsYQk", "user": 111}}, {"model": "webapi.blacklisttoken", "pk": 81, "fields": {"token": "eyJ0eXAiOiJKV1QiLCJhbGciOiJIUzI1NiJ9.eyJpZCI6OCwidXNlcm5hbWUiOiJzaGFrZWViIiwiZW1haWwiOiJzaGFrZWViQGdtYWlsLmNvbSIsImV4cCI6MTY1Nzg3MjQyMywiaWF0IjoxNjU3Nzg2MDIzfQ.O9Vbsd7tIrPbBs56F8cWII3yT9vSf3XQJiukc5Vc3h0", "user": 8}}, {"model": "webapi.blacklisttoken", "pk": 82, "fields": {"token": "eyJ0eXAiOiJKV1QiLCJhbGciOiJIUzI1NiJ9.eyJpZCI6OCwidXNlcm5hbWUiOiJzaGFrZWViIiwiZW1haWwiOiJzaGFrZWViQGdtYWlsLmNvbSIsImV4cCI6MTY1ODIzMDMwMCwiaWF0IjoxNjU4MTQzOTAwfQ.x8RvZVXPDeB1zOS-oaqcSFGLPhD3U_VitfBbmQ534A0", "user": 8}}, {"model": "webapi.blacklisttoken", "pk": 83, "fields": {"token": "eyJ0eXAiOiJKV1QiLCJhbGciOiJIUzI1NiJ9.eyJpZCI6MTAsInVzZXJuYW1lIjoiQmFidSIsImVtYWlsIjoiYmFidWlicmFyOTNAZ21haWwuY29tIiwiZXhwIjoxNjU4MjUwNDk2LCJpYXQiOjE2NTgxNjQwOTZ9.D3kn2MNvYzmGx2VhWz9W0Bvn8HQ0bh1xEj2i1UJbGfU", "user": 10}}, {"model": "webapi.blacklisttoken", "pk": 84, "fields": {"token": "eyJ0eXAiOiJKV1QiLCJhbGciOiJIUzI1NiJ9.eyJpZCI6OCwidXNlcm5hbWUiOiJzaGFrZWViIiwiZW1haWwiOiJzaGFrZWViQGdtYWlsLmNvbSIsImV4cCI6MTY1ODI1MDk3NiwiaWF0IjoxNjU4MTY0NTc2fQ.8PG-O_BWnptsk0yVFSGihJr2x1xO0ywExU9zYMNvNqQ", "user": 8}}, {"model": "webapi.blacklisttoken", "pk": 85, "fields": {"token": "eyJ0eXAiOiJKV1QiLCJhbGciOiJIUzI1NiJ9.eyJpZCI6MTAsInVzZXJuYW1lIjoiQmFidSIsImVtYWlsIjoiYmFidWlicmFyOTNAZ21haWwuY29tIiwiZXhwIjoxNjU4MjU3NDM3LCJpYXQiOjE2NTgxNzEwMzd9.13gdu1PySwWgK1ShXocO_Drq49LDv_CQDKYWH0S92LA", "user": 10}}, {"model": "webapi.blacklisttoken", "pk": 86, "fields": {"token": "eyJ0eXAiOiJKV1QiLCJhbGciOiJIUzI1NiJ9.eyJpZCI6MTE1LCJ1c2VybmFtZSI6IiIsImVtYWlsIjoibXVoYW1tYWRzaGFocnVraGtoYW42NjA0QGdtYWlsLmNvbSIsImV4cCI6MTY1ODI1NjkwNSwiaWF0IjoxNjU4MTcwNTA1fQ.XrYzoac-0U2V2xlmWxU6CPZTeNiCZ9rVddY3_MIOkN4", "user": 115}}, {"model": "webapi.blacklisttoken", "pk": 87, "fields": {"token": "eyJ0eXAiOiJKV1QiLCJhbGciOiJIUzI1NiJ9.eyJpZCI6MTAsInVzZXJuYW1lIjoiQmFidSIsImVtYWlsIjoiYmFidWlicmFyOTNAZ21haWwuY29tIiwiZXhwIjoxNjU4MjU5MDU0LCJpYXQiOjE2NTgxNzI2NTR9.a6b16HVQdpgb_N2tKlT3S64tFktSM1o6KMJzh9mlRX8", "user": 10}}, {"model": "webapi.blacklisttoken", "pk": 88, "fields": {"token": "eyJ0eXAiOiJKV1QiLCJhbGciOiJIUzI1NiJ9.eyJpZCI6OCwidXNlcm5hbWUiOiJzaGFrZWViIiwiZW1haWwiOiJzaGFrZWViQGdtYWlsLmNvbSIsImV4cCI6MTY1ODI1Nzg0NCwiaWF0IjoxNjU4MTcxNDQ0fQ.4sYs4W09Dj1IKBmaRqooT0ZkB9uIrpGs0za3S4knL54", "user": 8}}, {"model": "webapi.blacklisttoken", "pk": 89, "fields": {"token": "eyJ0eXAiOiJKV1QiLCJhbGciOiJIUzI1NiJ9.eyJpZCI6OCwidXNlcm5hbWUiOiJzaGFrZWViIiwiZW1haWwiOiJzaGFrZWViQGdtYWlsLmNvbSIsImV4cCI6MTY1ODI2MDg2MCwiaWF0IjoxNjU4MTc0NDYwfQ.PfGdm_551vlJF8M2oBOsAbgsm9cs4k89v2jqSjw3-K8", "user": 8}}, {"model": "webapi.blacklisttoken", "pk": 90, "fields": {"token": "eyJ0eXAiOiJKV1QiLCJhbGciOiJIUzI1NiJ9.eyJpZCI6MTAsInVzZXJuYW1lIjoiQmFidSIsImVtYWlsIjoiYmFidWlicmFyOTNAZ21haWwuY29tIiwiZXhwIjoxNjU4MzA2MTYwLCJpYXQiOjE2NTgyMTk3NjB9.nDZeNviEZqAVFatFDucz74zNRq-mRcDjv2cr6mnHmpU", "user": 10}}, {"model": "webapi.blacklisttoken", "pk": 91, "fields": {"token": "eyJ0eXAiOiJKV1QiLCJhbGciOiJIUzI1NiJ9.eyJpZCI6MTAsInVzZXJuYW1lIjoiQmFidSIsImVtYWlsIjoiYmFidWlicmFyOTNAZ21haWwuY29tIiwiZXhwIjoxNjU4MzA2MjMxLCJpYXQiOjE2NTgyMTk4MzF9.3edHZnD0ntvUD2Dg4k4-TTU160kJz0yrkDg_pc8c-kE", "user": 10}}, {"model": "webapi.blacklisttoken", "pk": 92, "fields": {"token": "eyJ0eXAiOiJKV1QiLCJhbGciOiJIUzI1NiJ9.eyJpZCI6OCwidXNlcm5hbWUiOiJzaGFrZWViIiwiZW1haWwiOiJzaGFrZWViQGdtYWlsLmNvbSIsImV4cCI6MTY1ODMwNjUxNSwiaWF0IjoxNjU4MjIwMTE1fQ.8H-26FZwefE0pcNnqlf3IsiuaC3kfTDuRuL3UAL-7Os", "user": 8}}, {"model": "webapi.blacklisttoken", "pk": 93, "fields": {"token": "eyJ0eXAiOiJKV1QiLCJhbGciOiJIUzI1NiJ9.eyJpZCI6OCwidXNlcm5hbWUiOiJzaGFrZWViIiwiZW1haWwiOiJzaGFrZWViQGdtYWlsLmNvbSIsImV4cCI6MTY1ODMyMzA2MywiaWF0IjoxNjU4MjM2NjYzfQ.Af7CmsOyo5WEffIQP-fRg0Izs-leAJuIKeZAKelhLXY", "user": 8}}, {"model": "webapi.blacklisttoken", "pk": 94, "fields": {"token": "eyJ0eXAiOiJKV1QiLCJhbGciOiJIUzI1NiJ9.eyJpZCI6MTAsInVzZXJuYW1lIjoiQmFidSIsImVtYWlsIjoiYmFidWlicmFyOTNAZ21haWwuY29tIiwiZXhwIjoxNjU4Mzk5MjI3LCJpYXQiOjE2NTgzMTI4Mjd9.kMtXory0bZmXX_qqUNOINJo6PrfQ8J1gF8zlU7m9c1c", "user": 10}}, {"model": "webapi.blacklisttoken", "pk": 95, "fields": {"token": "eyJ0eXAiOiJKV1QiLCJhbGciOiJIUzI1NiJ9.eyJpZCI6MTExLCJ1c2VybmFtZSI6ImhuaCIsImVtYWlsIjoiaG5oQGdtYWlsLmNvbSIsImV4cCI6MTY1ODQwMDk2NywiaWF0IjoxNjU4MzE0NTY3fQ.--R9cNr9vGnEwEBTId4-dHbXWSQC0vZQ4S8WV092Ags", "user": 111}}, {"model": "webapi.blacklisttoken", "pk": 96, "fields": {"token": "eyJ0eXAiOiJKV1QiLCJhbGciOiJIUzI1NiJ9.eyJpZCI6MTAsInVzZXJuYW1lIjoiQmFidSIsImVtYWlsIjoiYmFidWlicmFyOTNAZ21haWwuY29tIiwiZXhwIjoxNjU4NDAxMDc2LCJpYXQiOjE2NTgzMTQ2NzZ9._XSqUbqRG7rNY9X8FvVrgXQsrCE_XDPBNC2A58mf5k8", "user": 10}}, {"model": "webapi.blacklisttoken", "pk": 97, "fields": {"token": "eyJ0eXAiOiJKV1QiLCJhbGciOiJIUzI1NiJ9.eyJpZCI6MTAsInVzZXJuYW1lIjoiQmFidSIsImVtYWlsIjoiYmFidWlicmFyOTNAZ21haWwuY29tIiwiZXhwIjoxNjU4NDA1Nzg3LCJpYXQiOjE2NTgzMTkzODd9.AKeFm2XugjLDr2eBmcWcaWX1J88HDaeWeSWqlj61vzQ", "user": 10}}, {"model": "webapi.blacklisttoken", "pk": 98, "fields": {"token": "eyJ0eXAiOiJKV1QiLCJhbGciOiJIUzI1NiJ9.eyJpZCI6MTAsInVzZXJuYW1lIjoiQmFidSIsImVtYWlsIjoiYmFidWlicmFyOTNAZ21haWwuY29tIiwiZXhwIjoxNjU4NDA5MzUxLCJpYXQiOjE2NTgzMjI5NTF9.f8V6Ejj_EYTC1MMbCm1286A2Y2TjjUAaaUkVh7T4t6Y", "user": 10}}, {"model": "webapi.blacklisttoken", "pk": 99, "fields": {"token": "eyJ0eXAiOiJKV1QiLCJhbGciOiJIUzI1NiJ9.eyJpZCI6MTExLCJ1c2VybmFtZSI6ImhuaCIsImVtYWlsIjoiaG5oQGdtYWlsLmNvbSIsImV4cCI6MTY1ODQwOTQ4OSwiaWF0IjoxNjU4MzIzMDg5fQ.GA24R0rojq5CDTen2CW10UDycDvST0iwlmA3ZkwDbHs", "user": 111}}, {"model": "webapi.blacklisttoken", "pk": 100, "fields": {"token": "eyJ0eXAiOiJKV1QiLCJhbGciOiJIUzI1NiJ9.eyJpZCI6MTE1LCJ1c2VybmFtZSI6IiIsImVtYWlsIjoibXVoYW1tYWRzaGFocnVraGtoYW42NjA0QGdtYWlsLmNvbSIsImV4cCI6MTY1ODQwMTQ1OCwiaWF0IjoxNjU4MzE1MDU4fQ.5apCEf2Hsn77k9OD-lsspKfVAvk0ch40YmYRstSfLbE", "user": 115}}, {"model": "webapi.blacklisttoken", "pk": 101, "fields": {"token": "eyJ0eXAiOiJKV1QiLCJhbGciOiJIUzI1NiJ9.eyJpZCI6MTE1LCJ1c2VybmFtZSI6IiIsImVtYWlsIjoibXVoYW1tYWRzaGFocnVraGtoYW42NjA0QGdtYWlsLmNvbSIsImV4cCI6MTY1ODQyNjI3MCwiaWF0IjoxNjU4MzM5ODcwfQ.bs1dsr14fP476W27u9wQNr0rCSVkKP_y_g6OLbOx2u4", "user": 115}}, {"model": "webapi.blacklisttoken", "pk": 102, "fields": {"token": "eyJ0eXAiOiJKV1QiLCJhbGciOiJIUzI1NiJ9.eyJpZCI6MTE3LCJ1c2VybmFtZSI6IiIsImVtYWlsIjoic2hhaHJ1a2hra2hhbjMzM0BnbWFpbC5jb20iLCJleHAiOjE2NTg0Mjc1MzksImlhdCI6MTY1ODM0MTEzOX0.k5YVTG63-OjFRzVuIenjQAPb-7z9ym42nA9EvZU6o6k", "user": 117}}, {"model": "webapi.blacklisttoken", "pk": 103, "fields": {"token": "eyJ0eXAiOiJKV1QiLCJhbGciOiJIUzI1NiJ9.eyJpZCI6MTAsInVzZXJuYW1lIjoiQmFidSIsImVtYWlsIjoiYmFidWlicmFyOTNAZ21haWwuY29tIiwiZXhwIjoxNjU4NDI5NDMxLCJpYXQiOjE2NTgzNDMwMzF9.x8Dv6WmQv_eN-AerGz6EOtbCvUHmiF1lMQnBXEWbG3A", "user": 10}}, {"model": "webapi.blacklisttoken", "pk": 104, "fields": {"token": "eyJ0eXAiOiJKV1QiLCJhbGciOiJIUzI1NiJ9.eyJpZCI6OCwidXNlcm5hbWUiOiJzaGFrZWViIiwiZW1haWwiOiJzaGFrZWViQGdtYWlsLmNvbSIsImV4cCI6MTY1ODQyOTYyMSwiaWF0IjoxNjU4MzQzMjIxfQ.5M8owPTJPn1gpEt2fbPzDCe3JLlcGp7nQy7qAKRf-84", "user": 8}}, {"model": "webapi.blacklisttoken", "pk": 105, "fields": {"token": "eyJ0eXAiOiJKV1QiLCJhbGciOiJIUzI1NiJ9.eyJpZCI6OCwidXNlcm5hbWUiOiJzaGFrZWViIiwiZW1haWwiOiJzaGFrZWViQGdtYWlsLmNvbSIsImV4cCI6MTY1ODQzMTg0MiwiaWF0IjoxNjU4MzQ1NDQyfQ.vcP_O55vfLhCb2coOvIcWcYMKpQ3JhdeMK0wAUo_auQ", "user": 8}}, {"model": "webapi.blacklisttoken", "pk": 106, "fields": {"token": "eyJ0eXAiOiJKV1QiLCJhbGciOiJIUzI1NiJ9.eyJpZCI6MTAsInVzZXJuYW1lIjoiQmFidSIsImVtYWlsIjoiYmFidWlicmFyOTNAZ21haWwuY29tIiwiZXhwIjoxNjU4NDMxOTgzLCJpYXQiOjE2NTgzNDU1ODN9.A34Ybo-8w9ZwlpSuWiDBkYk9kBXVMz1U-CqPtnjBQeA", "user": 10}}, {"model": "webapi.blacklisttoken", "pk": 107, "fields": {"token": "eyJ0eXAiOiJKV1QiLCJhbGciOiJIUzI1NiJ9.eyJpZCI6OCwidXNlcm5hbWUiOiJzaGFrZWViIiwiZW1haWwiOiJzaGFrZWViQGdtYWlsLmNvbSIsImV4cCI6MTY1ODQwNjgzNCwiaWF0IjoxNjU4MzIwNDM0fQ._hiz1di3Irml_E7s4SwNY0Dkx77dXQ0z-IkKlptZnG8", "user": 8}}, {"model": "webapi.blacklisttoken", "pk": 108, "fields": {"token": "eyJ0eXAiOiJKV1QiLCJhbGciOiJIUzI1NiJ9.eyJpZCI6MTAsInVzZXJuYW1lIjoiQmFidSIsImVtYWlsIjoiYmFidWlicmFyOTNAZ21haWwuY29tIiwiZXhwIjoxNjU4NDc2OTUwLCJpYXQiOjE2NTgzOTA1NTB9.M9rcAz7gO_IBkztAebEmmSRhgGsc3Ln_Ts1uJq2XB0c", "user": 10}}, {"model": "webapi.blacklisttoken", "pk": 109, "fields": {"token": "eyJ0eXAiOiJKV1QiLCJhbGciOiJIUzI1NiJ9.eyJpZCI6MTAsInVzZXJuYW1lIjoiQmFidSIsImVtYWlsIjoiYmFidWlicmFyOTNAZ21haWwuY29tIiwiZXhwIjoxNjU4NDc3NTIyLCJpYXQiOjE2NTgzOTExMjJ9.Nbe8h1u3rM7uzdaOuKMvGOgLsizwEyy1AwdwTp2VDEc", "user": 10}}, {"model": "webapi.blacklisttoken", "pk": 110, "fields": {"token": "eyJ0eXAiOiJKV1QiLCJhbGciOiJIUzI1NiJ9.eyJpZCI6MTAsInVzZXJuYW1lIjoiQmFidSIsImVtYWlsIjoiYmFidWlicmFyOTNAZ21haWwuY29tIiwiZXhwIjoxNjU4NDkyMTA4LCJpYXQiOjE2NTg0MDU3MDh9.ysyxAus4wrgSLdh0D4XbBc-fLdxWHN_8SeEBwp9DwNI", "user": 10}}, {"model": "webapi.blacklisttoken", "pk": 111, "fields": {"token": "eyJ0eXAiOiJKV1QiLCJhbGciOiJIUzI1NiJ9.eyJpZCI6MTE3LCJ1c2VybmFtZSI6IiIsImVtYWlsIjoic2hhaHJ1a2hra2hhbjMzM0BnbWFpbC5jb20iLCJleHAiOjE2NTg0OTQ5MjEsImlhdCI6MTY1ODQwODUyMX0.z3Gfyyw86Rfh3XtPT80hl_ZnOKPv8HX9UTcEiTb3VNQ", "user": 117}}, {"model": "webapi.blacklisttoken", "pk": 112, "fields": {"token": "eyJ0eXAiOiJKV1QiLCJhbGciOiJIUzI1NiJ9.eyJpZCI6MTAsInVzZXJuYW1lIjoiQmFidSIsImVtYWlsIjoiYmFidWlicmFyOTNAZ21haWwuY29tIiwiZXhwIjoxNjU4NDk2OTk5LCJpYXQiOjE2NTg0MTA1OTl9.1w7zDhbM0-oPSOx74zJSG9wFpjLuJFOHkW2V-Qdp-Bo", "user": 10}}, {"model": "webapi.blacklisttoken", "pk": 113, "fields": {"token": "eyJ0eXAiOiJKV1QiLCJhbGciOiJIUzI1NiJ9.eyJpZCI6MTE3LCJ1c2VybmFtZSI6IiIsImVtYWlsIjoic2hhaHJ1a2hra2hhbjMzM0BnbWFpbC5jb20iLCJleHAiOjE2NTg0OTcwMzIsImlhdCI6MTY1ODQxMDYzMn0.i_eQtYfCN6UB2Apt6JP6DUSERmeQaPVFYFJrBjPEZQ8", "user": 117}}, {"model": "webapi.blacklisttoken", "pk": 114, "fields": {"token": "eyJ0eXAiOiJKV1QiLCJhbGciOiJIUzI1NiJ9.eyJpZCI6MTE3LCJ1c2VybmFtZSI6IiIsImVtYWlsIjoic2hhaHJ1a2hra2hhbjMzM0BnbWFpbC5jb20iLCJleHAiOjE2NTg0OTkzMzAsImlhdCI6MTY1ODQxMjkzMH0.mC1juaz1RfLHyvDzeSM80Gtx-kLRTCE50uCxNwO4M7Q", "user": 117}}, {"model": "webapi.blacklisttoken", "pk": 115, "fields": {"token": "eyJ0eXAiOiJKV1QiLCJhbGciOiJIUzI1NiJ9.eyJpZCI6OCwidXNlcm5hbWUiOiJzaGFrZWViIiwiZW1haWwiOiJzaGFrZWViQGdtYWlsLmNvbSIsImV4cCI6MTY1ODUwMzIxNCwiaWF0IjoxNjU4NDE2ODE0fQ.jW5q1jwKI1NltRXabET9NmU53tFt39N-yQyoWmhwHDA", "user": 8}}, {"model": "webapi.blacklisttoken", "pk": 116, "fields": {"token": "eyJ0eXAiOiJKV1QiLCJhbGciOiJIUzI1NiJ9.eyJpZCI6OCwidXNlcm5hbWUiOiJzaGFrZWViIiwiZW1haWwiOiJzaGFrZWViQGdtYWlsLmNvbSIsImV4cCI6MTY1ODQyOTc0OCwiaWF0IjoxNjU4MzQzMzQ4fQ.V46WvBTpyXQ2hMLMz8kKyg2iboMyLTv_jscqn3rH4wQ", "user": 8}}, {"model": "webapi.blacklisttoken", "pk": 117, "fields": {"token": "eyJ0eXAiOiJKV1QiLCJhbGciOiJIUzI1NiJ9.eyJpZCI6MTE3LCJ1c2VybmFtZSI6IiIsImVtYWlsIjoic2hhaHJ1a2hra2hhbjMzM0BnbWFpbC5jb20iLCJleHAiOjE2NTg1MTI3NTMsImlhdCI6MTY1ODQyNjM1M30.OyQdBnXpDc8hktuCqJyyNwfuSdo8uF7a6mpr5k9YnRQ", "user": 117}}, {"model": "webapi.blacklisttoken", "pk": 118, "fields": {"token": "eyJ0eXAiOiJKV1QiLCJhbGciOiJIUzI1NiJ9.eyJpZCI6MTE3LCJ1c2VybmFtZSI6IlNoYWhydWtoIiwiZW1haWwiOiJzaGFocnVraGtraGFuMzMzQGdtYWlsLmNvbSIsImV4cCI6MTY1ODUxMzMwOSwiaWF0IjoxNjU4NDI2OTA5fQ.HB7_UyvWaXjpRqNnKYSyxMaOn4q8Jx1soacB8Ay2Zdg", "user": 117}}, {"model": "webapi.parentcategory", "pk": "1d78e8ad-8f16-420f-bb59-bdd6348c60d5", "fields": {"name": "category a", "slug": "Category A", "image": "category_pic/1_ohcMSfl.svg", "unique_identifier": 4466, "created_at": "2022-07-02T09:59:55.848Z", "updated_at": "2022-07-02T09:59:55.848Z", "parent": null, "lft": 1, "rght": 2, "tree_id": 1, "level": 0}}, {"model": "webapi.parentcategory", "pk": "339240e9-b046-4d6f-b7e6-9cc0b06a184a", "fields": {"name": "popular courses", "slug": "Popular Courses", "image": "category_pic/1.svg", "unique_identifier": 8377, "created_at": "2022-06-30T11:45:15.706Z", "updated_at": "2022-06-30T11:45:15.706Z", "parent": null, "lft": 1, "rght": 2, "tree_id": 1, "level": 0}}, {"model": "webapi.parentcategory", "pk": "39f90fee-9ef1-4d50-b613-bcc959e1dbaa", "fields": {"name": "programming", "slug": "Programming", "image": "category_pic/1_1SvQmkd.svg", "unique_identifier": 9200, "created_at": "2022-07-04T07:27:37.904Z", "updated_at": "2022-07-04T07:27:37.904Z", "parent": null, "lft": 1, "rght": 2, "tree_id": 1, "level": 0}}, {"model": "webapi.parentcategory", "pk": "41223a73-516b-4926-929b-8ee33ed813a4", "fields": {"name": "gut & github push", "slug": "Gut & Github Push", "image": "category_pic/4_haWViAf.svg", "unique_identifier": 77665575, "created_at": "2022-06-30T12:11:17.356Z", "updated_at": "2022-06-30T12:11:17.356Z", "parent": null, "lft": 1, "rght": 2, "tree_id": 1, "level": 0}}, {"model": "webapi.parentcategory", "pk": "470b4b9d-b730-4fd2-a3fb-67b444c20d46", "fields": {"name": "buckit", "slug": "Buckit", "image": "category_pic/5.svg", "unique_identifier": 77665566, "created_at": "2022-06-30T12:13:38.380Z", "updated_at": "2022-06-30T12:13:38.380Z", "parent": null, "lft": 1, "rght": 2, "tree_id": 1, "level": 0}}, {"model": "webapi.parentcategory", "pk": "4d612a46-4b43-4746-98cb-4113d7d49177", "fields": {"name": "docker", "slug": "Docker", "image": "category_pic/2_cKizDZb.svg", "unique_identifier": 837787, "created_at": "2022-06-30T11:46:21.563Z", "updated_at": "2022-06-30T11:46:21.563Z", "parent": null, "lft": 1, "rght": 2, "tree_id": 1, "level": 0}}, {"model": "webapi.parentcategory", "pk": "5000a785-33a6-45ff-af7b-dd4587ca2366", "fields": {"name": "push & pull", "slug": "Push & Pull", "image": "category_pic/5_jt1LC6R_5LQOwzV.svg", "unique_identifier": 837767, "created_at": "2022-06-30T12:26:11.730Z", "updated_at": "2022-06-30T12:26:11.731Z", "parent": null, "lft": 1, "rght": 2, "tree_id": 1, "level": 0}}, {"model": "webapi.parentcategory", "pk": "6f34da83-5d3b-48f9-9b09-4c9588b959b7", "fields": {"name": "test category", "slug": "Test Category", "image": "category_pic/42.svg", "unique_identifier": 4422, "created_at": "2022-07-19T18:13:17.376Z", "updated_at": "2022-07-19T18:13:17.376Z", "parent": null, "lft": 1, "rght": 2, "tree_id": 1, "level": 0}}, {"model": "webapi.parentcategory", "pk": "75b0fa6a-94b1-4a94-8a77-6d0f802086bd", "fields": {"name": "maths", "slug": "maths", "image": "category_pic/6_0h0uwMi_OoGAypg.svg", "unique_identifier": 6000, "created_at": "2022-07-05T13:17:01.198Z", "updated_at": "2022-07-05T13:17:01.198Z", "parent": null, "lft": 1, "rght": 2, "tree_id": 1, "level": 0}}, {"model": "webapi.parentcategory", "pk": "7fe7dd2d-9259-4990-a368-7ef288b00d90", "fields": {"name": "buck buck", "slug": "Buck Buck", "image": "category_pic/5_jt1LC6R.svg", "unique_identifier": 77665598, "created_at": "2022-06-30T12:23:55.481Z", "updated_at": "2022-06-30T12:23:55.481Z", "parent": null, "lft": 1, "rght": 2, "tree_id": 1, "level": 0}}, {"model": "webapi.parentcategory", "pk": "987ada87-8d0e-44a6-b468-ee0315f02189", "fields": {"name": "git & github pull", "slug": "Git & Github Pull", "image": "category_pic/7_PWQG2rC.svg", "unique_identifier": 77665578, "created_at": "2022-06-30T12:18:45.084Z", "updated_at": "2022-06-30T12:18:45.084Z", "parent": null, "lft": 1, "rght": 2, "tree_id": 1, "level": 0}}, {"model": "webapi.parentcategory", "pk": "9d001f68-279d-4815-b5f0-0c9305ae30fa", "fields": {"name": "git commit", "slug": "Git Commit", "image": "category_pic/6_0h0uwMi.svg", "unique_identifier": 776655, "created_at": "2022-06-30T12:28:42.474Z", "updated_at": "2022-06-30T12:28:42.474Z", "parent": null, "lft": 1, "rght": 2, "tree_id": 1, "level": 0}}, {"model": "webapi.parentcategory", "pk": "a2a4e49c-c74b-4b30-8f95-eeec0ac56f74", "fields": {"name": "software engineering", "slug": "Software Engineering", "image": "category_pic/1_llh8sun.svg", "unique_identifier": 9191, "created_at": "2022-07-09T08:59:20.558Z", "updated_at": "2022-07-09T08:59:20.558Z", "parent": null, "lft": 1, "rght": 2, "tree_id": 1, "level": 0}}, {"model": "webapi.parentcategory", "pk": "bbabd125-c3c7-47eb-abb1-0b13b0796760", "fields": {"name": "nigga new edcat", "slug": "Nigga New EdCat", "image": "category_pic/37.svg", "unique_identifier": 8282, "created_at": "2022-07-13T07:19:29.136Z", "updated_at": "2022-07-13T07:19:29.136Z", "parent": null, "lft": 1, "rght": 2, "tree_id": 1, "level": 0}}, {"model": "webapi.category", "pk": 113, "fields": {"name": "amazon", "author": null, "parent_category": "339240e9-b046-4d6f-b7e6-9cc0b06a184a", "image": "category_pic/1_bfwNhtT.svg", "parent": null, "unique_identifier": 837798, "slug": "Amazon", "created_at": "2022-07-01T07:46:07.313Z", "updated_at": "2022-08-03T07:51:19.210Z", "CategoryType": "Category", "Type": "popularcourses", "lft": 1, "rght": 10, "tree_id": 1, "level": 0}}, {"model": "webapi.category", "pk": 114, "fields": {"name": "docker", "author": null, "parent_category": "339240e9-b046-4d6f-b7e6-9cc0b06a184a", "image": "category_pic/2_cKizDZb_uoqDsaP.svg", "parent": null, "unique_identifier": 837744, "slug": "Docker", "created_at": "2022-07-01T07:47:40.919Z", "updated_at": "2022-07-01T07:47:40.920Z", "CategoryType": "Category", "Type": "popularcourses", "lft": 1, "rght": 10, "tree_id": 2, "level": 0}}, {"model": "webapi.category", "pk": 115, "fields": {"name": "graphql", "author": null, "parent_category": "339240e9-b046-4d6f-b7e6-9cc0b06a184a", "image": "category_pic/3_5RJRrWC.svg", "parent": null, "unique_identifier": 837752, "slug": "GraphQL", "created_at": "2022-07-01T07:50:03.339Z", "updated_at": "2022-07-01T07:50:03.339Z", "CategoryType": "Category", "Type": "popularcourses", "lft": 1, "rght": 8, "tree_id": 3, "level": 0}}, {"model": "webapi.category", "pk": 116, "fields": {"name": "node js", "author": null, "parent_category": "339240e9-b046-4d6f-b7e6-9cc0b06a184a", "image": "category_pic/4_haWViAf_qioj5rP.svg", "parent": null, "unique_identifier": 837751, "slug": "Node JS", "created_at": "2022-07-01T07:50:51.610Z", "updated_at": "2022-07-01T07:50:51.610Z", "CategoryType": "Category", "Type": "popularcourses", "lft": 1, "rght": 12, "tree_id": 4, "level": 0}}, {"model": "webapi.category", "pk": 117, "fields": {"name": "postresql", "author": null, "parent_category": "339240e9-b046-4d6f-b7e6-9cc0b06a184a", "image": "category_pic/5_diCZ56q.svg", "parent": null, "unique_identifier": 837753, "slug": "PostreSQL", "created_at": "2022-07-01T07:52:32.505Z", "updated_at": "2022-07-01T07:52:32.505Z", "CategoryType": "Category", "Type": "popularcourses", "lft": 1, "rght": 8, "tree_id": 5, "level": 0}}, {"model": "webapi.category", "pk": 118, "fields": {"name": "docker image", "author": null, "parent_category": "4d612a46-4b43-4746-98cb-4113d7d49177", "image": "category_pic/48.svg", "parent": null, "unique_identifier": 837787, "slug": "Docker Image", "created_at": "2022-07-01T07:53:46.078Z", "updated_at": "2022-07-01T07:53:46.078Z", "CategoryType": "Category", "Type": "popularcourses", "lft": 1, "rght": 6, "tree_id": 6, "level": 0}}, {"model": "webapi.category", "pk": 119, "fields": {"name": "docker container", "author": null, "parent_category": "4d612a46-4b43-4746-98cb-4113d7d49177", "image": "category_pic/5_jt1LC6R_c27jEKX.svg", "parent": null, "unique_identifier": 837788, "slug": "Docker Container", "created_at": "2022-07-01T07:54:37.989Z", "updated_at": "2022-07-01T07:54:37.989Z", "CategoryType": "Category", "Type": "popularcourses", "lft": 1, "rght": 6, "tree_id": 7, "level": 0}}, {"model": "webapi.category", "pk": 120, "fields": {"name": "docker hub", "author": null, "parent_category": "4d612a46-4b43-4746-98cb-4113d7d49177", "image": "category_pic/6_0h0uwMi_HEzVfl8.svg", "parent": null, "unique_identifier": 837789, "slug": "Docker Hub", "created_at": "2022-07-01T07:55:17.345Z", "updated_at": "2022-07-01T07:55:17.345Z", "CategoryType": "Category", "Type": "popularcourses", "lft": 1, "rght": 6, "tree_id": 8, "level": 0}}, {"model": "webapi.category", "pk": 121, "fields": {"name": "docker registry", "author": null, "parent_category": "4d612a46-4b43-4746-98cb-4113d7d49177", "image": "category_pic/7_PWQG2rC_FDnW7CC.svg", "parent": null, "unique_identifier": 837790, "slug": "Docker Registry", "created_at": "2022-07-01T07:55:53.357Z", "updated_at": "2022-07-01T07:55:53.357Z", "CategoryType": "Category", "Type": "popularcourses", "lft": 1, "rght": 6, "tree_id": 9, "level": 0}}, {"model": "webapi.category", "pk": 122, "fields": {"name": "docker client side", "author": null, "parent_category": null, "image": "category_pic/8_MvPE1oU.svg", "parent": 114, "unique_identifier": 83774484, "slug": "Docker123", "created_at": "2022-07-01T07:58:31.631Z", "updated_at": "2022-07-21T10:06:21.708Z", "CategoryType": "SubCategory", "Type": "popularcourses", "lft": 2, "rght": 3, "tree_id": 2, "level": 1}}, {"model": "webapi.category", "pk": 123, "fields": {"name": "docker server side", "author": null, "parent_category": null, "image": "category_pic/9_nY7MIU8.svg", "parent": 114, "unique_identifier": 83774415, "slug": "Docker Server Side", "created_at": "2022-07-01T07:59:02.961Z", "updated_at": "2022-07-01T07:59:02.961Z", "CategoryType": "", "Type": "popularcourses", "lft": 4, "rght": 5, "tree_id": 2, "level": 1}}, {"model": "webapi.category", "pk": 124, "fields": {"name": "docker cli", "author": null, "parent_category": null, "image": "category_pic/9_nY7MIU8_TKyO1KS.svg", "parent": 114, "unique_identifier": 83774416, "slug": "Docker CLI", "created_at": "2022-07-01T07:59:29.355Z", "updated_at": "2022-07-01T07:59:29.355Z", "CategoryType": "", "Type": "popularcourses", "lft": 6, "rght": 7, "tree_id": 2, "level": 1}}, {"model": "webapi.category", "pk": 125, "fields": {"name": "amazon web server", "author": null, "parent_category": null, "image": "category_pic/4_haWViAf_LSFUcHo.svg", "parent": 113, "unique_identifier": 83779897, "slug": "amazon", "created_at": "2022-07-02T08:21:19.938Z", "updated_at": "2022-07-21T09:38:48.775Z", "CategoryType": "SubCategory", "Type": "popularcourses", "lft": 2, "rght": 3, "tree_id": 1, "level": 1}}, {"model": "webapi.category", "pk": 126, "fields": {"name": "amazon s3", "author": null, "parent_category": null, "image": "category_pic/23_7ioLuZ4.svg", "parent": 113, "unique_identifier": 83779875, "slug": "amazon S3", "created_at": "2022-07-02T08:23:55.800Z", "updated_at": "2022-07-02T08:23:55.800Z", "CategoryType": "", "Type": "popularcourses", "lft": 4, "rght": 5, "tree_id": 1, "level": 1}}, {"model": "webapi.category", "pk": 127, "fields": {"name": "amazon compute & networking", "author": null, "parent_category": null, "image": "category_pic/19.svg", "parent": 113, "unique_identifier": 83779876, "slug": "amazon Compute & Networking", "created_at": "2022-07-02T08:25:17.804Z", "updated_at": "2022-07-02T08:25:17.804Z", "CategoryType": "", "Type": "popularcourses", "lft": 6, "rght": 7, "tree_id": 1, "level": 1}}, {"model": "webapi.category", "pk": 128, "fields": {"name": "amazon visualization", "author": null, "parent_category": null, "image": "category_pic/21_Dg0HuI5.svg", "parent": 113, "unique_identifier": 83779877, "slug": "amazon Visualization", "created_at": "2022-07-02T08:25:52.641Z", "updated_at": "2022-07-02T08:25:52.641Z", "CategoryType": "", "Type": "popularcourses", "lft": 8, "rght": 9, "tree_id": 1, "level": 1}}, {"model": "webapi.category", "pk": 129, "fields": {"name": "docker hub", "author": null, "parent_category": null, "image": "category_pic/24.svg", "parent": 114, "unique_identifier": 83774470, "slug": "docker hub", "created_at": "2022-07-02T08:27:12.785Z", "updated_at": "2022-07-02T08:27:12.785Z", "CategoryType": "", "Type": "popularcourses", "lft": 8, "rght": 9, "tree_id": 2, "level": 1}}, {"model": "webapi.category", "pk": 130, "fields": {"name": "graphql queries", "author": null, "parent_category": null, "image": "category_pic/24_zsJtrK4.svg", "parent": 115, "unique_identifier": 83775267, "slug": "graphql Queries", "created_at": "2022-07-02T08:28:16.645Z", "updated_at": "2022-07-02T08:28:16.645Z", "CategoryType": "", "Type": "popularcourses", "lft": 2, "rght": 3, "tree_id": 3, "level": 1}}, {"model": "webapi.category", "pk": 131, "fields": {"name": "graphql resolvers", "author": null, "parent_category": null, "image": "category_pic/15_OL3Qyvv.svg", "parent": 115, "unique_identifier": 83775268, "slug": "graphql Resolvers", "created_at": "2022-07-02T08:28:44.546Z", "updated_at": "2022-07-02T08:28:44.546Z", "CategoryType": "", "Type": "popularcourses", "lft": 4, "rght": 5, "tree_id": 3, "level": 1}}, {"model": "webapi.category", "pk": 132, "fields": {"name": "graphql schema", "author": null, "parent_category": null, "image": "category_pic/26_stduIvW.svg", "parent": 115, "unique_identifier": 83775269, "slug": "graphql Schema", "created_at": "2022-07-02T08:29:06.905Z", "updated_at": "2022-07-02T08:29:06.905Z", "CategoryType": "", "Type": "popularcourses", "lft": 6, "rght": 7, "tree_id": 3, "level": 1}}, {"model": "webapi.category", "pk": 133, "fields": {"name": "node js server", "author": null, "parent_category": null, "image": "category_pic/12.svg", "parent": 116, "unique_identifier": 83775155, "slug": "node js server", "created_at": "2022-07-02T08:29:58.542Z", "updated_at": "2022-07-02T08:29:58.542Z", "CategoryType": "", "Type": "popularcourses", "lft": 2, "rght": 3, "tree_id": 4, "level": 1}}, {"model": "webapi.category", "pk": 134, "fields": {"name": "node js app", "author": null, "parent_category": null, "image": "category_pic/11.svg", "parent": 116, "unique_identifier": 83775156, "slug": "node js app", "created_at": "2022-07-02T08:30:15.627Z", "updated_at": "2022-07-02T08:30:15.627Z", "CategoryType": "", "Type": "popularcourses", "lft": 4, "rght": 5, "tree_id": 4, "level": 1}}, {"model": "webapi.category", "pk": 135, "fields": {"name": "node js port", "author": null, "parent_category": null, "image": "category_pic/3_5RJRrWC_OPParoP.svg", "parent": 116, "unique_identifier": 83775157, "slug": "node js port", "created_at": "2022-07-02T08:30:37.932Z", "updated_at": "2022-07-02T08:30:37.932Z", "CategoryType": "", "Type": "popularcourses", "lft": 6, "rght": 7, "tree_id": 4, "level": 1}}, {"model": "webapi.category", "pk": 136, "fields": {"name": "node js streaming", "author": null, "parent_category": null, "image": "category_pic/1_LOrHBEH.svg", "parent": 116, "unique_identifier": 83775158, "slug": "node js streaming", "created_at": "2022-07-02T08:30:58.960Z", "updated_at": "2022-07-02T08:30:58.960Z", "CategoryType": "", "Type": "popularcourses", "lft": 8, "rght": 9, "tree_id": 4, "level": 1}}, {"model": "webapi.category", "pk": 137, "fields": {"name": "node js async", "author": null, "parent_category": null, "image": "category_pic/5_7ZHEDvQ.svg", "parent": 116, "unique_identifier": 83775159, "slug": "node js async", "created_at": "2022-07-02T08:31:43.123Z", "updated_at": "2022-07-02T08:31:43.123Z", "CategoryType": "", "Type": "popularcourses", "lft": 10, "rght": 11, "tree_id": 4, "level": 1}}, {"model": "webapi.category", "pk": 138, "fields": {"name": "postgresql queries", "author": null, "parent_category": null, "image": "category_pic/1_pcTpZUB.svg", "parent": 117, "unique_identifier": 83775385, "slug": "postgresql queries", "created_at": "2022-07-02T08:32:36.798Z", "updated_at": "2022-07-02T08:32:36.798Z", "CategoryType": "", "Type": "popularcourses", "lft": 2, "rght": 3, "tree_id": 5, "level": 1}}, {"model": "webapi.category", "pk": 139, "fields": {"name": "postgresql aggrigation ", "author": null, "parent_category": null, "image": "category_pic/5_acTbq5L.svg", "parent": 117, "unique_identifier": 83775386, "slug": "postgresql aggrigation ", "created_at": "2022-07-02T08:32:59.253Z", "updated_at": "2022-07-02T08:32:59.253Z", "CategoryType": "", "Type": "popularcourses", "lft": 4, "rght": 5, "tree_id": 5, "level": 1}}, {"model": "webapi.category", "pk": 140, "fields": {"name": "postgresql select all", "author": null, "parent_category": null, "image": "category_pic/13_erfVVB3.svg", "parent": 117, "unique_identifier": 83775387, "slug": "postgresql select all", "created_at": "2022-07-02T08:33:25.413Z", "updated_at": "2022-07-02T08:33:25.413Z", "CategoryType": "", "Type": "popularcourses", "lft": 6, "rght": 7, "tree_id": 5, "level": 1}}, {"model": "webapi.category", "pk": 141, "fields": {"name": "create docker image", "author": null, "parent_category": null, "image": "category_pic/11_1cXqR4d.svg", "parent": 118, "unique_identifier": 83778784, "slug": "create docker image", "created_at": "2022-07-02T08:33:50.231Z", "updated_at": "2022-07-02T08:33:50.231Z", "CategoryType": "", "Type": "popularcourses", "lft": 2, "rght": 3, "tree_id": 6, "level": 1}}, {"model": "webapi.category", "pk": 142, "fields": {"name": "docker file", "author": null, "parent_category": null, "image": "category_pic/8_MvPE1oU_HTyu2HY.svg", "parent": 118, "unique_identifier": 83778701, "slug": "docker file", "created_at": "2022-07-02T08:34:19.068Z", "updated_at": "2022-07-02T08:34:19.068Z", "CategoryType": "", "Type": "popularcourses", "lft": 4, "rght": 5, "tree_id": 6, "level": 1}}, {"model": "webapi.category", "pk": 143, "fields": {"name": "image to container", "author": null, "parent_category": null, "image": "category_pic/8_MvPE1oU_7l7f3U2.svg", "parent": 119, "unique_identifier": 83778802, "slug": "image to container", "created_at": "2022-07-02T08:35:20.501Z", "updated_at": "2022-07-02T08:35:20.501Z", "CategoryType": "", "Type": "popularcourses", "lft": 2, "rght": 3, "tree_id": 7, "level": 1}}, {"model": "webapi.category", "pk": 144, "fields": {"name": "use container", "author": null, "parent_category": null, "image": "category_pic/12_q3n5sv7.svg", "parent": 119, "unique_identifier": 83778803, "slug": "use container", "created_at": "2022-07-02T08:36:03.008Z", "updated_at": "2022-07-02T08:36:03.008Z", "CategoryType": "", "Type": "popularcourses", "lft": 4, "rght": 5, "tree_id": 7, "level": 1}}, {"model": "webapi.category", "pk": 145, "fields": {"name": "use docker hub", "author": null, "parent_category": null, "image": "category_pic/12_DjzjHOt.svg", "parent": 120, "unique_identifier": 83778903, "slug": "use docker hub", "created_at": "2022-07-02T08:36:57.372Z", "updated_at": "2022-07-02T08:36:57.372Z", "CategoryType": "", "Type": "popularcourses", "lft": 2, "rght": 3, "tree_id": 8, "level": 1}}, {"model": "webapi.category", "pk": 146, "fields": {"name": "register docker hub", "author": null, "parent_category": null, "image": "category_pic/19_6jWjEQ9.svg", "parent": 120, "unique_identifier": 83778904, "slug": "register docker hub", "created_at": "2022-07-02T08:37:17.903Z", "updated_at": "2022-07-02T08:37:17.903Z", "CategoryType": "", "Type": "popularcourses", "lft": 4, "rght": 5, "tree_id": 8, "level": 1}}, {"model": "webapi.category", "pk": 147, "fields": {"name": "registry account", "author": null, "parent_category": null, "image": "category_pic/16_bvux5MV.svg", "parent": 121, "unique_identifier": 83779005, "slug": "registry account", "created_at": "2022-07-02T08:38:01.085Z", "updated_at": "2022-07-02T08:38:01.085Z", "CategoryType": "", "Type": "popularcourses", "lft": 2, "rght": 3, "tree_id": 9, "level": 1}}, {"model": "webapi.category", "pk": 148, "fields": {"name": "registry suuccessfull", "author": null, "parent_category": null, "image": "category_pic/13_erfVVB3_pq0LKmG.svg", "parent": 121, "unique_identifier": 83779006, "slug": "registry suuccessfull", "created_at": "2022-07-02T08:38:38.187Z", "updated_at": "2022-07-02T08:38:38.187Z", "CategoryType": "", "Type": "popularcourses", "lft": 4, "rght": 5, "tree_id": 9, "level": 1}}, {"model": "webapi.category", "pk": 149, "fields": {"name": "git push", "author": null, "parent_category": "5000a785-33a6-45ff-af7b-dd4587ca2366", "image": "category_pic/48_AusyjYo.svg", "parent": null, "unique_identifier": 837735, "slug": "Git Push", "created_at": "2022-07-04T06:38:26.355Z", "updated_at": "2022-07-04T06:38:26.355Z", "CategoryType": "Category", "Type": "popularcourses", "lft": 1, "rght": 2, "tree_id": 10, "level": 0}}, {"model": "webapi.category", "pk": 150, "fields": {"name": "git pull", "author": null, "parent_category": "5000a785-33a6-45ff-af7b-dd4587ca2366", "image": "category_pic/47.svg", "parent": null, "unique_identifier": 837734, "slug": "Git Pull", "created_at": "2022-07-04T06:41:55.694Z", "updated_at": "2022-07-04T06:41:55.694Z", "CategoryType": "Category", "Type": "popularcourses", "lft": 1, "rght": 2, "tree_id": 11, "level": 0}}, {"model": "webapi.category", "pk": 151, "fields": {"name": "git commit", "author": null, "parent_category": "5000a785-33a6-45ff-af7b-dd4587ca2366", "image": "category_pic/40.svg", "parent": null, "unique_identifier": 837702, "slug": "Git Commit", "created_at": "2022-07-04T06:45:51.864Z", "updated_at": "2022-07-04T06:45:51.864Z", "CategoryType": "Category", "Type": "popularcourses", "lft": 1, "rght": 2, "tree_id": 12, "level": 0}}, {"model": "webapi.category", "pk": 152, "fields": {"name": "git add", "author": null, "parent_category": "5000a785-33a6-45ff-af7b-dd4587ca2366", "image": "category_pic/26.svg", "parent": null, "unique_identifier": 837757, "slug": "Git add", "created_at": "2022-07-04T06:49:02.430Z", "updated_at": "2022-07-04T06:49:02.430Z", "CategoryType": "Category", "Type": "popularcourses", "lft": 1, "rght": 2, "tree_id": 13, "level": 0}}, {"model": "webapi.category", "pk": 153, "fields": {"name": "git version", "author": null, "parent_category": "5000a785-33a6-45ff-af7b-dd4587ca2366", "image": "category_pic/39.svg", "parent": null, "unique_identifier": 837710, "slug": "Git version", "created_at": "2022-07-04T06:52:35.574Z", "updated_at": "2022-07-04T06:52:35.574Z", "CategoryType": "Category", "Type": "popularcourses", "lft": 1, "rght": 2, "tree_id": 14, "level": 0}}, {"model": "webapi.category", "pk": 154, "fields": {"name": "nullif", "author": null, "parent_category": "1d78e8ad-8f16-420f-bb59-bdd6348c60d5", "image": "category_pic/20_6lr1G0B.svg", "parent": null, "unique_identifier": 446686, "slug": "NullIf", "created_at": "2022-07-04T07:00:12.667Z", "updated_at": "2022-07-04T07:00:12.667Z", "CategoryType": "Category", "Type": "popularcourses", "lft": 1, "rght": 2, "tree_id": 15, "level": 0}}, {"model": "webapi.category", "pk": 155, "fields": {"name": "coalesce", "author": null, "parent_category": "1d78e8ad-8f16-420f-bb59-bdd6348c60d5", "image": "category_pic/33.svg", "parent": null, "unique_identifier": 446612, "slug": "Coalesce", "created_at": "2022-07-04T07:03:44.364Z", "updated_at": "2022-07-04T07:03:44.364Z", "CategoryType": "Category", "Type": "popularcourses", "lft": 1, "rght": 2, "tree_id": 16, "level": 0}}, {"model": "webapi.category", "pk": 156, "fields": {"name": "aggrigate", "author": null, "parent_category": "1d78e8ad-8f16-420f-bb59-bdd6348c60d5", "image": "category_pic/21_Dg0HuI5_jk245Is.svg", "parent": null, "unique_identifier": 446613, "slug": "Aggrigate", "created_at": "2022-07-04T07:06:41.675Z", "updated_at": "2022-07-04T07:06:41.675Z", "CategoryType": "Category", "Type": "popularcourses", "lft": 1, "rght": 2, "tree_id": 17, "level": 0}}, {"model": "webapi.category", "pk": 157, "fields": {"name": "conflict", "author": null, "parent_category": "1d78e8ad-8f16-420f-bb59-bdd6348c60d5", "image": "category_pic/15_OL3Qyvv_skSL6Su.svg", "parent": null, "unique_identifier": 446614, "slug": "Conflict", "created_at": "2022-07-04T07:14:58.159Z", "updated_at": "2022-07-04T07:14:58.159Z", "CategoryType": "Category", "Type": "popularcourses", "lft": 1, "rght": 2, "tree_id": 18, "level": 0}}, {"model": "webapi.category", "pk": 158, "fields": {"name": "do nothing", "author": null, "parent_category": "1d78e8ad-8f16-420f-bb59-bdd6348c60d5", "image": "category_pic/22.svg", "parent": null, "unique_identifier": 446615, "slug": "Do Nothing", "created_at": "2022-07-04T07:17:40.058Z", "updated_at": "2022-07-04T07:17:40.058Z", "CategoryType": "Category", "Type": "popularcourses", "lft": 1, "rght": 4, "tree_id": 19, "level": 0}}, {"model": "webapi.category", "pk": 159, "fields": {"name": "docker commands", "author": null, "parent_category": "4d612a46-4b43-4746-98cb-4113d7d49177", "image": "category_pic/12_6B6Cqqj.svg", "parent": null, "unique_identifier": 837711, "slug": "Docker Commands", "created_at": "2022-07-04T07:21:34.454Z", "updated_at": "2022-07-04T07:21:34.454Z", "CategoryType": "Category", "Type": "popularcourses", "lft": 1, "rght": 2, "tree_id": 20, "level": 0}}, {"model": "webapi.category", "pk": 160, "fields": {"name": "cp", "author": null, "parent_category": "39f90fee-9ef1-4d50-b613-bcc959e1dbaa", "image": "category_pic/2_cKizDZb_i5DyCLn.svg", "parent": null, "unique_identifier": 920056, "slug": "cp", "created_at": "2022-07-04T07:28:16.390Z", "updated_at": "2022-07-04T07:28:16.390Z", "CategoryType": "Category", "Type": "popularcourses", "lft": 1, "rght": 2, "tree_id": 21, "level": 0}}, {"model": "webapi.category", "pk": 161, "fields": {"name": "on conflict do nothing", "author": null, "parent_category": null, "image": "category_pic/18.svg", "parent": 158, "unique_identifier": 44661575, "slug": "On Conflict Do Nothing", "created_at": "2022-07-04T07:29:47.923Z", "updated_at": "2022-07-04T07:29:47.923Z", "CategoryType": "", "Type": "popularcourses", "lft": 2, "rght": 3, "tree_id": 19, "level": 1}}, {"model": "webapi.category", "pk": 162, "fields": {"name": "mathseasonone", "author": null, "parent_category": "75b0fa6a-94b1-4a94-8a77-6d0f802086bd", "image": "category_pic/5_voPVDo8.svg", "parent": null, "unique_identifier": 600056, "slug": "mathseasonone", "created_at": "2022-07-05T13:18:17.460Z", "updated_at": "2022-07-05T13:18:17.460Z", "CategoryType": "Category", "Type": "popularcourses", "lft": 1, "rght": 4, "tree_id": 22, "level": 0}}, {"model": "webapi.category", "pk": 163, "fields": {"name": "chapter1", "author": null, "parent_category": null, "image": "category_pic/2_cKizDZb_hUIlr5T.svg", "parent": 162, "unique_identifier": 60005645, "slug": "chapter1", "created_at": "2022-07-05T13:19:12.753Z", "updated_at": "2022-07-05T13:19:12.753Z", "CategoryType": "", "Type": "popularcourses", "lft": 2, "rght": 3, "tree_id": 22, "level": 1}}, {"model": "webapi.category", "pk": 164, "fields": {"name": "data base", "author": null, "parent_category": "a2a4e49c-c74b-4b30-8f95-eeec0ac56f74", "image": "category_pic/5_gYAPno3.svg", "parent": null, "unique_identifier": 919199, "slug": "Data Base", "created_at": "2022-07-09T09:00:17.987Z", "updated_at": "2022-07-09T09:00:17.987Z", "CategoryType": "Category", "Type": "popularcourses", "lft": 1, "rght": 4, "tree_id": 23, "level": 0}}, {"model": "webapi.category", "pk": 165, "fields": {"name": "mongodb", "author": null, "parent_category": null, "image": "category_pic/48_3dDIlSY.svg", "parent": 164, "unique_identifier": 91919987, "slug": "MongoDB", "created_at": "2022-07-09T09:01:19.226Z", "updated_at": "2022-07-09T09:01:19.226Z", "CategoryType": "", "Type": "popularcourses", "lft": 2, "rght": 3, "tree_id": 23, "level": 1}}, {"model": "webapi.category", "pk": 166, "fields": {"name": "hip hop", "author": null, "parent_category": "bbabd125-c3c7-47eb-abb1-0b13b0796760", "image": "category_pic/36.svg", "parent": null, "unique_identifier": 828288, "slug": "Hip Hop", "created_at": "2022-07-13T07:22:32.463Z", "updated_at": "2022-07-13T07:22:32.463Z", "CategoryType": "Category", "Type": "popularcourses", "lft": 1, "rght": 4, "tree_id": 24, "level": 0}}, {"model": "webapi.category", "pk": 167, "fields": {"name": "gangsta rap", "author": null, "parent_category": null, "image": "category_pic/33_ZTXYYG5.svg", "parent": 166, "unique_identifier": 82828881, "slug": "Gangsta Rap", "created_at": "2022-07-13T07:23:41.054Z", "updated_at": "2022-07-13T07:23:41.054Z", "CategoryType": "", "Type": "popularcourses", "lft": 2, "rght": 3, "tree_id": 24, "level": 1}}, {"model": "webapi.category", "pk": 168, "fields": {"name": "test course", "author": null, "parent_category": "6f34da83-5d3b-48f9-9b09-4c9588b959b7", "image": "category_pic/8_MvPE1oU_IVPIKiQ.svg", "parent": null, "unique_identifier": 442232, "slug": "Test course", "created_at": "2022-07-19T18:14:20.903Z", "updated_at": "2022-07-19T18:14:20.903Z", "CategoryType": "Category", "Type": "popularcourses", "lft": 1, "rght": 6, "tree_id": 25, "level": 0}}, {"model": "webapi.category", "pk": 169, "fields": {"name": "test chapter", "author": null, "parent_category": null, "image": "category_pic/22_gOp9SWz.svg", "parent": 168, "unique_identifier": 44223213, "slug": "Test chapter", "created_at": "2022-07-19T18:15:45.923Z", "updated_at": "2022-07-19T18:15:45.923Z", "CategoryType": "", "Type": "popularcourses", "lft": 2, "rght": 3, "tree_id": 25, "level": 1}}, {"model": "webapi.category", "pk": 170, "fields": {"name": "test chapter 2", "author": null, "parent_category": null, "image": "category_pic/7_PWQG2rC_kFBKprA.svg", "parent": 168, "unique_identifier": 44223202, "slug": "test chapter 2", "created_at": "2022-07-20T13:37:00.079Z", "updated_at": "2022-07-20T13:37:00.079Z", "CategoryType": "", "Type": "popularcourses", "lft": 4, "rght": 5, "tree_id": 25, "level": 1}}, {"model": "webapi.category", "pk": 171, "fields": {"name": "Git & GitHub Introduction", "author": 8, "parent_category": "339240e9-b046-4d6f-b7e6-9cc0b06a184a", "image": "category_pic/2041-10-10-10-10_Git&GitHubIntroduction.svg", "parent": null, "unique_identifier": 204110, "slug": "GitGitHubIntroduction", "created_at": "2022-08-03T06:40:30.776Z", "updated_at": "2022-08-03T06:40:30.776Z", "CategoryType": "Category", "Type": "popularcourses", "lft": 1, "rght": 18, "tree_id": 26, "level": 0}}, {"model": "webapi.category", "pk": 172, "fields": {"name": "Git & GitHub Key Concepts", "author": null, "parent_category": null, "image": "category_pic/2041-10-11-10-10_Chapter1.Git&GitHubKeyConcepts.svg", "parent": 171, "unique_identifier": 20411011, "slug": "GitGitHubKeyConcepts", "created_at": "2022-08-03T06:40:30.798Z", "updated_at": "2022-08-03T06:40:30.798Z", "CategoryType": "SubCategory", "Type": "popularcourses", "lft": 2, "rght": 3, "tree_id": 26, "level": 1}}, {"model": "webapi.category", "pk": 173, "fields": {"name": "Git & GitHub Life Cycle", "author": null, "parent_category": null, "image": "category_pic/2041-10-12-10-10_Chapter2.Git&GitHubLifeCycle.svg", "parent": 171, "unique_identifier": 20411012, "slug": "GitGitHubLifeCycle", "created_at": "2022-08-03T06:40:30.816Z", "updated_at": "2022-08-03T06:40:30.816Z", "CategoryType": "SubCategory", "Type": "popularcourses", "lft": 4, "rght": 5, "tree_id": 26, "level": 1}}, {"model": "webapi.category", "pk": 174, "fields": {"name": "Git & GitHub Initial Settings", "author": null, "parent_category": null, "image": "category_pic/2041-10-13-10-10_Chapter3.Git&GitHubInitialSettings.svg", "parent": 171, "unique_identifier": 20411013, "slug": "GitGitHubInitialSettings", "created_at": "2022-08-03T06:40:30.861Z", "updated_at": "2022-08-03T06:40:30.861Z", "CategoryType": "SubCategory", "Type": "popularcourses", "lft": 6, "rght": 7, "tree_id": 26, "level": 1}}, {"model": "webapi.category", "pk": 175, "fields": {"name": "Launch Git Project", "author": null, "parent_category": null, "image": "category_pic/2041-10-14-10-10_Chapter4.LaunchGitProject.svg", "parent": 171, "unique_identifier": 20411014, "slug": "LaunchGitProject", "created_at": "2022-08-03T06:40:30.873Z", "updated_at": "2022-08-03T06:40:30.873Z", "CategoryType": "SubCategory", "Type": "popularcourses", "lft": 8, "rght": 9, "tree_id": 26, "level": 1}}, {"model": "webapi.category", "pk": 176, "fields": {"name": "Edit & Commit", "author": null, "parent_category": null, "image": "category_pic/2041-10-15-10-10_Chapter5.Edit&Commit.svg", "parent": 171, "unique_identifier": 20411015, "slug": "EditCommit", "created_at": "2022-08-03T06:40:30.887Z", "updated_at": "2022-08-03T06:40:30.887Z", "CategoryType": "SubCategory", "Type": "popularcourses", "lft": 10, "rght": 11, "tree_id": 26, "level": 1}}, {"model": "webapi.category", "pk": 177, "fields": {"name": "Work With Branches", "author": null, "parent_category": null, "image": "category_pic/2041-10-16-10-10_Chapter6.WorkWithBranches.svg", "parent": 171, "unique_identifier": 20411016, "slug": "WorkWithBranches", "created_at": "2022-08-03T06:40:30.900Z", "updated_at": "2022-08-03T06:40:30.900Z", "CategoryType": "SubCategory", "Type": "popularcourses", "lft": 12, "rght": 13, "tree_id": 26, "level": 1}}, {"model": "webapi.category", "pk": 178, "fields": {"name": "Remote Collaboration", "author": null, "parent_category": null, "image": "category_pic/2041-10-17-10-10_Chapter7.RemoteCollaboration.svg", "parent": 171, "unique_identifier": 20411017, "slug": "RemoteCollaboration", "created_at": "2022-08-03T06:40:30.948Z", "updated_at": "2022-08-03T06:40:30.948Z", "CategoryType": "SubCategory", "Type": "popularcourses", "lft": 14, "rght": 15, "tree_id": 26, "level": 1}}, {"model": "webapi.category", "pk": 179, "fields": {"name": "Supplemental Topics", "author": null, "parent_category": null, "image": "category_pic/2041-10-18-10-10_Chapter8.SupplementalTopics.svg", "parent": 171, "unique_identifier": 20411018, "slug": "GuideToTheNextLevel", "created_at": "2022-08-03T06:40:30.962Z", "updated_at": "2022-08-03T06:40:30.962Z", "CategoryType": "SubCategory", "Type": "popularcourses", "lft": 16, "rght": 17, "tree_id": 26, "level": 1}}, {"model": "webapi.category", "pk": 180, "fields": {"name": "Dbms", "author": 8, "parent_category": "339240e9-b046-4d6f-b7e6-9cc0b06a184a", "image": "category_pic/2041-10-10-10-10_Git&GitHubIntroduction.svg", "parent": null, "unique_identifier": 304110, "slug": "database", "created_at": "2022-08-03T06:40:30.970Z", "updated_at": "2022-08-03T06:40:30.970Z", "CategoryType": "Category", "Type": "popularcourses", "lft": 1, "rght": 4, "tree_id": 27, "level": 0}}, {"model": "webapi.category", "pk": 181, "fields": {"name": "Table of content", "author": null, "parent_category": null, "image": "category_pic/2041-10-10-10-10_Git&GitHubIntroduction.svg", "parent": 180, "unique_identifier": 30411012, "slug": "dbintroduction", "created_at": "2022-08-03T06:40:31.012Z", "updated_at": "2022-08-03T06:40:31.012Z", "CategoryType": "SubCategory", "Type": "popularcourses", "lft": 2, "rght": 3, "tree_id": 27, "level": 1}}, {"model": "webapi.reviewmodel", "pk": 122, "fields": {"title": "Learn Docker", "author": 8, "images": "media/uploads/9_nY7MIU8.svg", "categories": 122, "only_to_my_page": false, "unique_identifier": 83774484, "meta_keywords": null, "meta_description": "Learn The Docker", "OGP": "Learn The Docker", "content": "<p style=\"text-align:center;\"><span style=\"color: rgb(255,255,255);background-color: rgb(79,79,79);font-size: medium;font-family: Helvetica;\"><strong><em><ins>Learn The Docker</ins></em></strong></span><strong><em><ins> </ins></em></strong></p>\r\n<p style=\"text-align:center;\"><span style=\"color: rgb(255,255,255);background-color: rgb(79,79,79);font-size: 24px;font-family: Times New Roman;\"><del>Learn The Docker</del></span><span style=\"font-size: 24px;\"><del> </del></span></p>\r\n", "tags": "docker", "created_at": "2022-07-01T08:13:19.122Z", "updated_at": "2022-07-01T08:13:19.122Z", "liked": []}}, {"model": "webapi.reviewmodel", "pk": 123, "fields": {"title": "Install Docker", "author": 8, "images": "media/uploads/10_mwXWl3R.svg", "categories": 124, "only_to_my_page": false, "unique_identifier": 83774416, "meta_keywords": null, "meta_description": "Install Docker", "OGP": "Install Docker", "content": "<p><strong><em><ins>Install Docker</ins></em></strong></p>\r\n", "tags": "Install Docker", "created_at": "2022-07-01T08:19:01.489Z", "updated_at": "2022-07-01T08:19:01.489Z", "liked": []}}, {"model": "webapi.reviewmodel", "pk": 124, "fields": {"title": "what is ssh", "author": 8, "images": "media/uploads/8_MvPE1oU.svg", "categories": 113, "only_to_my_page": false, "unique_identifier": 125486958884, "meta_keywords": null, "meta_description": "meta_description", "OGP": "meta_description", "content": "<p>Collaborative coding is typically managed through a<strong>&nbsp;Remote Repository</strong>. A Remote Repository is a place where committed files are stored on the web and can be shared with others.&nbsp;<strong>GitHub</strong>,&nbsp;<strong>GitLab</strong>&nbsp;or&nbsp;<strong>Bitbucket</strong>&nbsp;are the major remote repository services.&nbsp;</p>\r\n\r\n<p>Interactions between a Local Repository and Remote Repository are done through the command line on a local computer or a desktop application provided by remote repository services.</p>\r\n\r\n<p>The following steps are an example flow to share the files and collaborate with a team member.</p>\r\n\r\n<p>&nbsp;</p>\r\n\r\n<p><span style=\"color:#2980b9\"><span style=\"font-size:20px\">Example:&nbsp;Developer A initiates a project, and Developer B supports Developer A</span></span></p>\r\n\r\n<ol>\r\n\t<li><span style=\"font-size:16px\"><span style=\"color:#2980b9\">Developer A works on coding and makes the first&nbsp;<strong>Commit&nbsp;</strong>(saved in his Local Repository).</span></span></li>\r\n\t<li><span style=\"font-size:16px\"><span style=\"color:#2980b9\">Developer A sends the committed files to his Remote Repository. This action is called&nbsp;<strong>Push</strong>. The command to push files is&nbsp;<strong>$ git push</strong></span></span></li>\r\n\t<li><span style=\"font-size:16px\"><span style=\"color:#2980b9\">Developer A gives Developer B access to his Remote Repository.</span></span></li>\r\n\t<li><span style=\"font-size:16px\"><span style=\"color:#2980b9\">Developer B brings the files from the Remote Repository to her local computer. When she does this for the first time, the action is called&nbsp;<strong>Clone</strong>. Clone creates the same set of files as the Remote Repository in the local computer &mdash; committed files are registered in her Local Repository and the same files are saved under the working directory. The command to clone is&nbsp;<strong>$ git clone</strong>.</span></span></li>\r\n\t<li><span style=\"font-size:16px\"><span style=\"color:#2980b9\">Developer B can work on creating new lines of code and save them&nbsp;under her Local Repository (<strong>Commit</strong>).</span></span></li>\r\n\t<li><span style=\"font-size:16px\"><span style=\"color:#2980b9\">Developer B pushes&nbsp;them back to Remote Repository where Developer A can access them.</span></span></li>\r\n\t<li><span style=\"font-size:16px\"><span style=\"color:#2980b9\">Developer A can bring the files back to his Local Repository and his working directory. This action is called&nbsp;<strong>Pull</strong>. The command to pull files is&nbsp;<strong>$ git pull</strong>.</span></span></li>\r\n</ol>\r\n\r\n<p>The flow above is one of typical case. We&rsquo;ll give more details about Remote Repository&nbsp;in Chapter 7 Remote Collaboration.</p>\r\n\r\n<ol>\r\n</ol>", "tags": "git stash", "created_at": "2022-07-01T17:56:06.075Z", "updated_at": "2022-08-03T07:51:21.557Z", "liked": []}}, {"model": "webapi.reviewmodel", "pk": 125, "fields": {"title": "what is ssh keys", "author": 8, "images": "media/uploads/9_nY7MIU8_ZX6nuRD.svg", "categories": 113, "only_to_my_page": false, "unique_identifier": 125486958885, "meta_keywords": null, "meta_description": "meta_description", "OGP": "meta_description", "content": "<p>A&nbsp;<strong>Branch</strong>&nbsp;in Git is an independent line of development with a commit history. Different branches give a different recording space; each branch has its own coding history (a line of commits).&nbsp;</p>\r\n\r\n<p>Branches allow us to manage different versions of the same set of project files simultaneously. For example, one developer can work on adding a new promotion campaign feature while another developer is working on adding a new payment feature to the same web application.&nbsp;</p>\r\n\r\n<p>Git provides a&nbsp;<strong>master branch</strong>&nbsp;as a default. Unless you create a new branch, all your work is done on the master branch. The branch to create a new feature is typically called a&nbsp;<strong>topic branch</strong>.&nbsp;</p>\r\n\r\n<p>Once development is completed in a topic branch, you can&nbsp;<strong>merge</strong>&nbsp;it with the master branch or its&nbsp;parent branch.&nbsp;</p>\r\n\r\n<p>With the branching functionality, you can collaborate with others efficiently. Or even you can utilize branches&nbsp;by yourself to manage&nbsp;versions to develop different features simultaneously.</p>\r\n\r\n<p>More details of the Branch concept and operations will be explained in Chapter 6 Work with Branches.</p>\r\n", "tags": "git stash, sayudiojasdd, uahsd", "created_at": "2022-07-01T17:57:34.427Z", "updated_at": "2022-07-20T09:56:39.094Z", "liked": []}}, {"model": "webapi.reviewmodel", "pk": 126, "fields": {"title": "what is amazon", "author": 8, "images": "media/uploads/15_OL3Qyvv.svg", "categories": 113, "only_to_my_page": false, "unique_identifier": 125486958886, "meta_keywords": null, "meta_description": "meta_description", "OGP": "meta_description", "content": "<p>We also want to introduce another diagram to explain the same concept as the one on the previous page. This illustration will help understand how&nbsp;Git works with branches, which will the focus of Chapter 6. The following is&nbsp;the explanation of key icons.</p>\r\n\r\n<p><img alt=\"\" src=\"https://s3.amazonaws.com/test.bloovee.com/WorkingTree.svg\" />&nbsp;&nbsp;<strong>Working Tree&nbsp;</strong>or Working Directory, which you see on your local computer for daily editing.</p>\r\n\r\n<p><img alt=\"IMG2\" src=\"https://s3.amazonaws.com/test.bloovee.com/StagingArea.svg\" />&nbsp;&nbsp;<strong>Staging Area</strong>&nbsp;or INDEX.&nbsp;If the Working Tree is inside this dotted circle, the edit status&nbsp;of the Working Tree and the Staging Area are the same.</p>\r\n\r\n<p><img alt=\"IMG3\" src=\"https://s3.amazonaws.com/test.bloovee.com/Commit.svg\" />&nbsp;&nbsp;<strong>Commit</strong>. If the Working Tree is inside this bold circle, the edit status of the Working Tree and the commit&nbsp;are the same.</p>\r\n\r\n<p>&nbsp;</p>\r\n\r\n<p>In this diagram, you can see the progress of coding horizontally. If icons are on the same status column (e.g., Status B), the files or directories are the same.&nbsp;</p>\r\n\r\n<p>We&#39;ll explain the flow step by step in the diagram.</p>\r\n\r\n<ol>\r\n\t<li>First, the Working Tree and the latest Commit are under the same status (Status B in the diagram).</li>\r\n\t<li>When you edit files under the Working Tree, the Working Tree status changes&nbsp;from Status B to Status C.</li>\r\n\t<li>By running the&nbsp;<strong>$ git add</strong>&nbsp;command, the Working Tree status (e.g., edited files) is reflected in&nbsp;the Staging Area. At this point, both the Working Tree and the Staging Area are in Status C.</li>\r\n\t<li>If your edited code has&nbsp;an error and you want to reverse it (clear it from the Staging Area), you can run the&nbsp;<strong>$ git reset</strong>&nbsp;command.</li>\r\n\t<li>If you want to make a record of the version of the staged files, you can run the&nbsp;<strong>$ git commit</strong>&nbsp;command.</li>\r\n\t<li>After the commit action, you can continue to edit and move the Working Tree forward to Status D.</li>\r\n\t<li>However, you may find an error in the committed files. If that is the case, you can restore the files from the latest commit by running the&nbsp;<strong>$ git restore</strong>&nbsp;command (the Working Tree is back to Status C).</li>\r\n\t<li>If you find another error in a committed file, you can also reverse the committed history by running the<strong>&nbsp;$ git reset&nbsp;</strong>command. For this purpose, you need to designate a commit name to specify to which commit you to want to go back.</li>\r\n</ol>\r\n\r\n<p>&nbsp;</p>\r\n\r\n<p>&nbsp;</p>\r\n", "tags": "git stash", "created_at": "2022-07-01T17:58:27.091Z", "updated_at": "2022-07-21T16:39:05.564Z", "liked": []}}, {"model": "webapi.reviewmodel", "pk": 127, "fields": {"title": "what is docker", "author": 8, "images": "media/uploads/17.svg", "categories": 114, "only_to_my_page": false, "unique_identifier": 125486958887, "meta_keywords": null, "meta_description": "meta_description", "OGP": "meta_description", "content": "<h1>what is docker?</h1>\r\n<p>git is a version control</p>", "tags": "docker hub", "created_at": "2022-07-01T17:59:59.291Z", "updated_at": "2022-07-01T17:59:59.291Z", "liked": []}}, {"model": "webapi.reviewmodel", "pk": 128, "fields": {"title": "what is docker image", "author": 8, "images": "media/uploads/18.svg", "categories": 114, "only_to_my_page": false, "unique_identifier": 125486958889, "meta_keywords": null, "meta_description": "meta_description", "OGP": "meta_description", "content": "<p><strong>This is how we do</strong></p>\r\n", "tags": "docker hub, image", "created_at": "2022-07-01T18:00:43.726Z", "updated_at": "2022-07-09T10:09:27.962Z", "liked": []}}, {"model": "webapi.reviewmodel", "pk": 129, "fields": {"title": "what is docker container", "author": 8, "images": "media/uploads/18_gDcrHE3.svg", "categories": 114, "only_to_my_page": false, "unique_identifier": 125486958888, "meta_keywords": null, "meta_description": "meta_description", "OGP": "meta_description", "content": "<p></p>\r\n", "tags": "docker hub, ds", "created_at": "2022-07-01T18:01:23.338Z", "updated_at": "2022-07-05T12:06:25.027Z", "liked": []}}, {"model": "webapi.reviewmodel", "pk": 130, "fields": {"title": "what is graphQL", "author": 8, "images": "media/uploads/16_bvux5MV.svg", "categories": 115, "only_to_my_page": false, "unique_identifier": 846392749831, "meta_keywords": null, "meta_description": "meta_description", "OGP": "meta_description", "content": "<h1>what is graphql?</h1>\r\n<p>git is a version control</p>", "tags": "graphql", "created_at": "2022-07-01T18:03:03.554Z", "updated_at": "2022-07-01T18:03:03.554Z", "liked": []}}, {"model": "webapi.reviewmodel", "pk": 131, "fields": {"title": "what is graphQL use", "author": 8, "images": "media/uploads/22.svg", "categories": 115, "only_to_my_page": false, "unique_identifier": 846392749832, "meta_keywords": null, "meta_description": "meta_description", "OGP": "meta_description", "content": "<h1>what is graphql?</h1>\r\n<p>git is a version control</p>", "tags": "graphql", "created_at": "2022-07-01T18:04:04.838Z", "updated_at": "2022-07-01T18:04:04.838Z", "liked": []}}, {"model": "webapi.reviewmodel", "pk": 132, "fields": {"title": "what is node js", "author": 8, "images": "media/uploads/20_6lr1G0B.svg", "categories": 115, "only_to_my_page": false, "unique_identifier": 846392749833, "meta_keywords": null, "meta_description": "meta_description", "OGP": "meta_description", "content": "<p></p>\r\n", "tags": "nodejs, sad, ad", "created_at": "2022-07-01T18:05:03.358Z", "updated_at": "2022-07-05T12:26:48.708Z", "liked": []}}, {"model": "webapi.reviewmodel", "pk": 133, "fields": {"title": "what is node js", "author": 8, "images": "media/uploads/20_6lr1G0B_YdAsY6t.svg", "categories": 116, "only_to_my_page": false, "unique_identifier": 846392749834, "meta_keywords": null, "meta_description": "meta_description", "OGP": "meta_description", "content": "<h1>what is nodejs?</h1>\r\n<p>git is a version control</p>", "tags": "nodejs", "created_at": "2022-07-01T18:05:25.150Z", "updated_at": "2022-07-01T18:05:25.150Z", "liked": []}}, {"model": "webapi.reviewmodel", "pk": 134, "fields": {"title": "what is node js use", "author": 8, "images": "media/uploads/14_0aXEm16.svg", "categories": 116, "only_to_my_page": false, "unique_identifier": 846392749835, "meta_keywords": null, "meta_description": "meta_description", "OGP": "meta_description", "content": "<h1>what is nodejs?</h1>\r\n<p>git is a version control</p>", "tags": "nodejs", "created_at": "2022-07-01T18:07:10.936Z", "updated_at": "2022-07-01T18:07:10.936Z", "liked": []}}, {"model": "webapi.reviewmodel", "pk": 135, "fields": {"title": "what is postgresql", "author": 8, "images": "media/uploads/28.svg", "categories": 117, "only_to_my_page": false, "unique_identifier": 846392749836, "meta_keywords": null, "meta_description": "meta_description", "OGP": "meta_description", "content": "<p>The next step for the initial setup is to create an account on a remote repository service. Here we&rsquo;ll explain how to setup a GitHub account.</p>\r\n\r\n<p style=\"margin-left:40px\"><strong>1. Go to the GitHub official site and click &ldquo;Sign up&rdquo; on the top right</strong></p>\r\n\r\n<p style=\"margin-left:40px\"><a href=\"https://github.com\">https://github.com</a></p>\r\n\r\n<p style=\"margin-left:40px\"><img alt=\"\" src=\"https://s3.amazonaws.com/test.bloovee.com/2041-10-13-14-10_CreateGitHubAccount_IMG_1.png\" style=\"height:300px; width:393px\" /></p>\r\n\r\n<p style=\"margin-left:40px\">&nbsp;</p>\r\n\r\n<p style=\"margin-left:40px\"><strong>2. Enter your email, password and username</strong></p>\r\n\r\n<p style=\"margin-left:40px\">You&rsquo;ll also need to answer some questions.</p>\r\n\r\n<p style=\"margin-left:40px\"><img alt=\"\" src=\"https://s3.amazonaws.com/test.bloovee.com/2041-10-13-14-10_CreateGitHubAccount_IMG_2.png\" style=\"height:396px; width:300px\" /></p>\r\n\r\n<p style=\"margin-left:40px\">&nbsp;</p>\r\n\r\n<p style=\"margin-left:40px\"><strong>3. Verify your email account</strong></p>\r\n\r\n<p style=\"margin-left:40px\">After you register username,&nbsp;email address&nbsp;and password, a&nbsp;pass code will be sent to your email address. You will need to enter the pass code on the site.</p>\r\n\r\n<p style=\"margin-left:40px\"><img alt=\"\" src=\"https://s3.amazonaws.com/test.bloovee.com/2041-10-13-14-10_CreateGitHubAccount_IMG_3.png\" style=\"height:151px; width:300px\" /></p>\r\n\r\n<p style=\"margin-left:40px\">&nbsp;</p>\r\n\r\n<p style=\"margin-left:40px\"><strong>4. Choose your account plan</strong></p>\r\n\r\n<p style=\"margin-left:40px\">Usually, the free plan is enough for learning purposes.</p>\r\n\r\n<p style=\"margin-left:40px\"><img alt=\"\" src=\"https://s3.amazonaws.com/test.bloovee.com/2041-10-13-14-10_CreateGitHubAccount_IMG_4.png\" style=\"height:100px; width:130px\" /></p>\r\n\r\n<p style=\"margin-left:40px\">&nbsp;</p>\r\n\r\n<p style=\"margin-left:40px\"><strong>5. Optional: set up your user icon</strong></p>\r\n\r\n<p style=\"margin-left:40px\">&nbsp;</p>\r\n\r\n<p style=\"margin-left:40px\">User icon is auto-generated as an initial setting. You can replace it with your own icon or picture. To set up your user icon,&nbsp;</p>\r\n\r\n<p style=\"margin-left:40px\">&mdash; select&nbsp;<strong>+</strong>&nbsp;on the menu bar on top</p>\r\n\r\n<p style=\"margin-left:40px\">&mdash; select&nbsp;<strong>Settings</strong></p>\r\n\r\n<p style=\"margin-left:40px\">&mdash; select&nbsp;<strong>Profiles</strong></p>\r\n\r\n<p style=\"margin-left:40px\">&mdash; select&nbsp;<strong>Edit</strong>&nbsp;and click&nbsp;the&nbsp;<strong>Upload a photo</strong>&nbsp;button</p>\r\n\r\n<p style=\"margin-left:40px\">&mdash; select an image from your computer to upload</p>\r\n\r\n<p style=\"margin-left:40px\">&nbsp;</p>\r\n\r\n<p style=\"margin-left:40px\"><img alt=\"\" src=\"https://s3.amazonaws.com/test.bloovee.com/2041-10-13-14-10_CreateGitHubAccount_IMG_5.png\" style=\"height:300px; width:623px\" /></p>\r\n\r\n<p style=\"margin-left:40px\">&nbsp; &nbsp; &nbsp; &nbsp; &nbsp; &nbsp;&nbsp;</p>\r\n\r\n<p style=\"margin-left:40px\"><img alt=\"\" src=\"https://s3.amazonaws.com/test.bloovee.com/2041-10-13-14-10_CreateGitHubAccount_IMG_6.png\" style=\"height:300px; width:630px\" /></p>\r\n\r\n<p>&nbsp;</p>\r\n\r\n<p>&nbsp;</p>\r\n\r\n<p>&nbsp; &nbsp; &nbsp; &nbsp; &nbsp;</p>\r\n\r\n<p>&nbsp;</p>\r\n\r\n<p>&nbsp;</p>\r\n\r\n<p><img alt=\"\" src=\"https://github.com\" /></p>\r\n\r\n<p>&nbsp;</p>\r\n", "tags": "postgresql", "created_at": "2022-07-01T18:08:18.079Z", "updated_at": "2022-07-18T17:49:44.141Z", "liked": []}}, {"model": "webapi.reviewmodel", "pk": 136, "fields": {"title": "what is postgresql use", "author": 8, "images": "media/uploads/20_6lr1G0B_fua0XV0.svg", "categories": 117, "only_to_my_page": false, "unique_identifier": 846392749837, "meta_keywords": null, "meta_description": "meta_description", "OGP": "meta_description", "content": "<p><s><u><span style=\"background-color:#2ecc71\">This is updated content</span></u></s></p>\r\n", "tags": "uuuuuuuuuuuu, asidjsd,asda,asd", "created_at": "2022-07-01T18:08:48.293Z", "updated_at": "2022-07-17T11:54:45.648Z", "liked": []}}, {"model": "webapi.reviewmodel", "pk": 137, "fields": {"title": "what is docker image", "author": 8, "images": "media/uploads/18_XrlH43m.svg", "categories": 118, "only_to_my_page": false, "unique_identifier": 846392749838, "meta_keywords": null, "meta_description": "meta_description", "OGP": "meta_description", "content": "<h1>what is docker image?</h1>\r\n<p>git is a version control</p>", "tags": "docker image", "created_at": "2022-07-01T18:14:02.087Z", "updated_at": "2022-07-01T18:14:02.087Z", "liked": []}}, {"model": "webapi.reviewmodel", "pk": 138, "fields": {"title": "what is docker image use", "author": 8, "images": "media/uploads/17_JUmsJOL.svg", "categories": 118, "only_to_my_page": false, "unique_identifier": 846392749839, "meta_keywords": null, "meta_description": "meta_description", "OGP": "meta_description", "content": "<h1>what is docker image?</h1>\r\n<p>git is a version control</p>", "tags": "docker image", "created_at": "2022-07-01T18:14:44.655Z", "updated_at": "2022-07-01T18:14:44.655Z", "liked": []}}, {"model": "webapi.reviewmodel", "pk": 139, "fields": {"title": "what is docker container", "author": 8, "images": "media/uploads/16_bvux5MV_dn97ht6.svg", "categories": 118, "only_to_my_page": false, "unique_identifier": 500012131236, "meta_keywords": null, "meta_description": "meta_description", "OGP": "meta_description", "content": "<h1>what is docker container?</h1>\r\n\r\n<p>git is a version control</p>\r\n", "tags": "git stash", "created_at": "2022-07-01T18:23:27.583Z", "updated_at": "2022-07-18T11:50:09.771Z", "liked": []}}, {"model": "webapi.reviewmodel", "pk": 140, "fields": {"title": "what is docker container ", "author": 8, "images": "media/uploads/16_bvux5MV_Z8kL2SL.svg", "categories": 118, "only_to_my_page": false, "unique_identifier": 500012131237, "meta_keywords": null, "meta_description": "meta_description", "OGP": "meta_description", "content": "<h1>what is docker container?</h1>\r\n<p>git is a version control</p>", "tags": "docker container", "created_at": "2022-07-01T18:24:30.120Z", "updated_at": "2022-07-01T18:24:30.120Z", "liked": []}}, {"model": "webapi.reviewmodel", "pk": 141, "fields": {"title": "what is docker container", "author": 8, "images": "media/uploads/20_6lr1G0B_FBiARNp.svg", "categories": 119, "only_to_my_page": false, "unique_identifier": 500012131241, "meta_keywords": null, "meta_description": "meta_description", "OGP": "meta_description", "content": "<h1>what is docker container?</h1>\r\n<p>git is a version control</p>", "tags": "docker container", "created_at": "2022-07-01T18:52:13.418Z", "updated_at": "2022-07-01T18:52:13.418Z", "liked": []}}, {"model": "webapi.reviewmodel", "pk": 142, "fields": {"title": "what is docker container use", "author": 8, "images": "media/uploads/28_e1eJT5q.svg", "categories": 119, "only_to_my_page": false, "unique_identifier": 500012131242, "meta_keywords": null, "meta_description": "meta_description", "OGP": "meta_description", "content": "<h1>what is docker container?</h1>\r\n<p>git is a version control</p>", "tags": "docker container", "created_at": "2022-07-01T18:52:48.154Z", "updated_at": "2022-07-01T18:52:48.154Z", "liked": []}}, {"model": "webapi.reviewmodel", "pk": 143, "fields": {"title": "what is docker hub", "author": 8, "images": "media/uploads/36.svg", "categories": 120, "only_to_my_page": false, "unique_identifier": 500012131243, "meta_keywords": null, "meta_description": "meta_description", "OGP": "meta_description", "content": "<h1>what is docker hub?</h1>\r\n<p>git is a version control</p>", "tags": "docker hub", "created_at": "2022-07-01T18:54:25.100Z", "updated_at": "2022-07-01T18:54:25.100Z", "liked": []}}, {"model": "webapi.reviewmodel", "pk": 144, "fields": {"title": "what is docker hub use", "author": 8, "images": "media/uploads/24.svg", "categories": 120, "only_to_my_page": false, "unique_identifier": 500012131244, "meta_keywords": null, "meta_description": "meta_description", "OGP": "meta_description", "content": "<h1>what is docker hub?</h1>\r\n<p>git is a version control</p>", "tags": "docker hub", "created_at": "2022-07-01T18:55:09.668Z", "updated_at": "2022-07-01T18:55:09.668Z", "liked": []}}, {"model": "webapi.reviewmodel", "pk": 145, "fields": {"title": "what is docker registry", "author": 8, "images": "media/uploads/31.svg", "categories": 121, "only_to_my_page": false, "unique_identifier": 500012131245, "meta_keywords": null, "meta_description": "meta_description", "OGP": "meta_description", "content": "<h1>what is docker registry?</h1>\r\n<p>git is a version control</p>", "tags": "docker registry", "created_at": "2022-07-01T19:00:58.618Z", "updated_at": "2022-07-01T19:00:58.618Z", "liked": []}}, {"model": "webapi.reviewmodel", "pk": 146, "fields": {"title": "what is docker registry use", "author": 8, "images": "media/uploads/37.svg", "categories": 121, "only_to_my_page": false, "unique_identifier": 500012131246, "meta_keywords": null, "meta_description": "meta_description", "OGP": "meta_description", "content": "<h1>what is docker registry?</h1>\r\n<p>git is a version control</p>", "tags": "docker registry", "created_at": "2022-07-01T19:01:25.116Z", "updated_at": "2022-07-01T19:01:25.116Z", "liked": []}}, {"model": "webapi.reviewmodel", "pk": 147, "fields": {"title": "amazon prime", "author": 8, "images": "media/uploads/8_MvPE1oU_xj87lEJ.svg", "categories": 113, "only_to_my_page": false, "unique_identifier": 567776544456, "meta_keywords": null, "meta_description": "amazon prime", "OGP": "amazon prime", "content": "<p>GitHub is no longer just a Git hosting service. There are several features you can use. Here are some examples.&nbsp;</p>\r\n\r\n<p><strong>GitHub Issues</strong>: this is a task management tool. GitHub users can easily create project task lists using GitHub Issues. You can upload images by simple drag &amp; drop and add an&nbsp;image in the issue list very easily. GitHub issues&nbsp;is a powerful tool for&nbsp;communicating&nbsp;with your team members effectively.&nbsp; You can also assign your team members to each task.</p>\r\n\r\n<p><strong>GitHub Actions</strong>: this is a tool to support CI/CD and DevOps workflow. Even before GitHub Actions was introduced, GitHub was a popular platform for CI/CD and DevOps through API, connecting with other applications such as CircleCI, Travis CI, Jenkins. GitHub Actions give you more opportunities to improve your workflow within your repositories on GitHub.</p>\r\n\r\n<p>GitHub also provides other tools and services like auto security alerts using Dependabot.&nbsp;</p>\r\n\r\n<p>Several client apps are also available to improve your working efficiencies.</p>\r\n\r\n<p><strong>&nbsp; GitHub Desktop</strong>: To control GitHub on a local GUI application</p>\r\n\r\n<p><strong>&nbsp; GitHub CLI</strong>: To control GitHub from the local computer&#39;s command line.</p>\r\n\r\n<p>&nbsp;&nbsp;<strong>GitHub Mobile App</strong>: To easily check status of issues and repositories&nbsp;</p>\r\n\r\n<p>Some details will be provided&nbsp;in Chapter 8 Supplemental Topics</p>\r\n", "tags": "amazon prime", "created_at": "2022-07-02T08:17:26.904Z", "updated_at": "2022-07-20T09:49:09.736Z", "liked": []}}, {"model": "webapi.reviewmodel", "pk": 148, "fields": {"title": "Learn AWS", "author": 8, "images": "media/uploads/12.svg", "categories": 113, "only_to_my_page": false, "unique_identifier": 837798974343, "meta_keywords": null, "meta_description": "Learn AWS", "OGP": "Learn AWS", "content": "<p>tags:<a href=\"http://test.photomania.blue/single_tag_item/git/\">git</a></p>\r\n\r\n<p>The goal of this section is to master the basic cycle of editing and recording code&nbsp;(creating version histories) with key Git commands.</p>\r\n\r\n<p>There are 8 key Git commands you will learn in this section.</p>\r\n\r\n<ul>\r\n\t<li><strong>$ git add</strong>: with this command, you can add files to the Staging Area (INDEX), where you can prepare and check files to register in your Local Repository.&nbsp;</li>\r\n\t<li><strong>$ git status</strong>: with this command, you can see the status of the Working Tree (working directory) and the Staging Area (INDEX). This status lets you see which changes have been staged, which haven&#39;t, and which files aren&#39;t being tracked by Git.&nbsp;</li>\r\n\t<li><strong>$ git commit</strong>: with this command, you can register files in your Local Repository. Once the files are registered by this&nbsp;command, you can retrieve the saved version of the set of files anytime.</li>\r\n\t<li><strong>$ git log</strong>: with this command, you can check the information of the commit history of the repository</li>\r\n\t<li><strong>$ git diff:</strong>&nbsp;with this command, you can check differences&nbsp;among&nbsp;the Working Tree, Staging Area (INDEX) and&nbsp;commit histories.</li>\r\n\t<li><strong>$ git restore</strong>: with this command, you can bring your working tree back to the latest commit or a specific commit. This command is useful when you want to clear your edits and go back to a cleaner version.</li>\r\n\t<li><strong>$ git rm</strong>: with this command, you can delete files or directories under the Working Tree and the Staging Area (INDEX). When you want to reflect the deleted status as a formal version, you need to create another commit.&nbsp;</li>\r\n\t<li><strong>$ git reset</strong>: with this command, you can reset the Staging Area (INDEX) or change commit histories&nbsp;with or without changing the contents of your local files.&nbsp;</li>\r\n</ul>\r\n", "tags": "Learn AWS", "created_at": "2022-07-02T11:59:08.780Z", "updated_at": "2022-07-21T16:40:50.235Z", "liked": []}}, {"model": "webapi.reviewmodel", "pk": 149, "fields": {"title": "Tomoooo", "author": 8, "images": "media/uploads/1.svg", "categories": 162, "only_to_my_page": false, "unique_identifier": 600056454545, "meta_keywords": null, "meta_description": "hello world ", "OGP": "hii", "content": "<p></p>\r\n", "tags": "git ", "created_at": "2022-07-05T13:22:19.344Z", "updated_at": "2022-07-05T13:24:13.772Z", "liked": []}}, {"model": "webapi.reviewmodel", "pk": 150, "fields": {"title": "UUID", "author": 8, "images": "media/uploads/9_nY7MIU8_EZ64Eby.svg", "categories": 164, "only_to_my_page": false, "unique_identifier": 919199879922, "meta_keywords": null, "meta_description": "UUID", "OGP": "UUID", "content": "<p><strong><em><ins>UUID ( Universally unique identifier ) </ins></em></strong> </p>\r\n", "tags": "UUID", "created_at": "2022-07-09T10:12:16.860Z", "updated_at": "2022-07-09T10:12:16.860Z", "liked": []}}, {"model": "webapi.reviewmodel", "pk": 151, "fields": {"title": "Normalization ", "author": 8, "images": "media/uploads/7_PWQG2rC.svg", "categories": 164, "only_to_my_page": false, "unique_identifier": 919199874444, "meta_keywords": null, "meta_description": "Normalization ", "OGP": "Normalization Vs Denormalization ", "content": "<p><strong><em>Normalization Vs Denormalization </em></strong></p>\r\n", "tags": "Normalization ", "created_at": "2022-07-09T10:15:24.802Z", "updated_at": "2022-07-09T10:15:24.802Z", "liked": []}}, {"model": "webapi.reviewmodel", "pk": 152, "fields": {"title": "Denormalization ", "author": 8, "images": "media/uploads/4_haWViAf.svg", "categories": 164, "only_to_my_page": false, "unique_identifier": 919199871233, "meta_keywords": null, "meta_description": "Denormalization ", "OGP": "Denormalization ", "content": "<p><span style=\"color: rgb(255,255,255);background-color: rgb(79,79,79);font-size: medium;font-family: Helvetica;\">Normalization Vs Denormalization </span>&nbsp;</p>\r\n", "tags": "Denormalization ", "created_at": "2022-07-09T10:17:26.216Z", "updated_at": "2022-07-09T10:17:26.216Z", "liked": []}}, {"model": "webapi.reviewmodel", "pk": 153, "fields": {"title": "NoSQL", "author": 8, "images": "media/uploads/28_XWPLeYe.svg", "categories": 164, "only_to_my_page": false, "unique_identifier": 919199873312, "meta_keywords": null, "meta_description": "This is NoSQL Database", "OGP": "This is NoSQL Database", "content": "<p>This is NoSQL Database</p>\r\n", "tags": "database", "created_at": "2022-07-09T10:18:38.628Z", "updated_at": "2022-07-09T10:18:38.628Z", "liked": []}}, {"model": "webapi.reviewmodel", "pk": 154, "fields": {"title": "Talk On Beats", "author": 111, "images": "media/uploads/26.svg", "categories": 166, "only_to_my_page": false, "unique_identifier": 82828881, "meta_keywords": null, "meta_description": "Talk On Beats", "OGP": "Talk On Beats", "content": "<p><ins>Talk On Beats. Hit the bars</ins></p>\r\n", "tags": "hands up", "created_at": "2022-07-13T07:29:56.024Z", "updated_at": "2022-07-13T07:29:56.024Z", "liked": []}}, {"model": "webapi.reviewmodel", "pk": 155, "fields": {"title": "2Pac", "author": 8, "images": "media/uploads/1_MXYPClw.svg", "categories": 166, "only_to_my_page": false, "unique_identifier": 828288817655, "meta_keywords": null, "meta_description": "The Local Repository and Remote Repository are linked with each other (typically through HTTPS or SSH connection)", "OGP": "The Local Repository and Remote Repository are linked with each other (typically through HTTPS or SSH connection)", "content": "<p>The target of the first two steps described on the previous page&nbsp;is to establish&nbsp;the illustrated status for a specific project.</p>\r\n\r\n<ul>\r\n\t<li>A Local Repository for the project is created on your local computer</li>\r\n\t<li>A Remote Repository for the project is created on GitHub and / or access to the project Remote Repository&nbsp;is granted to the necessary project members</li>\r\n\t<li>The Local Repository and Remote Repository are linked with each other (typically through HTTPS or SSH connection)</li>\r\n</ul>\r\n\r\n<p>At this stage, you should be able to see the same directories and files in both Local Repository and Remote Repository.&nbsp;Once you reach this status, you are ready to start a new project with Git &amp; GitHub and you can move on to the regular Git &amp; GitHub workflow explained on the next page.</p>\r\n", "tags": "rap", "created_at": "2022-07-19T13:19:51.885Z", "updated_at": "2022-07-19T13:19:51.885Z", "liked": []}}, {"model": "webapi.reviewmodel", "pk": 156, "fields": {"title": "Nas", "author": 8, "images": "media/uploads/5_jt1LC6R.svg", "categories": 166, "only_to_my_page": false, "unique_identifier": 828288819888, "meta_keywords": null, "meta_description": "To master Git & GitHub workflow, you need to learn various Git commands and GitHub features. In Chapter 5, 6 and 7, we will go through each command and feature one by one.\r\n\r\n", "OGP": "To master Git & GitHub workflow, you need to learn various Git commands and GitHub features. In Chapter 5, 6 and 7, we will go through each command and feature one by one.\r\n\r\n", "content": "<p>In the regular Git &amp; GitHub workflow, you typically repeat&nbsp;three types of actions.</p>\r\n\r\n<ol>\r\n\t<li><span style=\"color:#1abc9c\"><strong>Edit &amp; Commit&nbsp;</strong>codes (register in a Local Repository)</span></li>\r\n\t<li><span style=\"color:#1abc9c\"><strong>Work with Branches</strong>&nbsp;to develop codes simultaneously</span></li>\r\n\t<li><span style=\"color:#1abc9c\"><strong>Remote collaboration</strong>&nbsp;by&nbsp;sharing&nbsp;codes with other team members through a&nbsp;Remote Repository</span></li>\r\n</ol>\r\n\r\n<p>&nbsp;</p>\r\n\r\n<p>To master Git &amp;&nbsp;GitHub workflow, you need to learn various&nbsp;<strong>Git commands</strong>&nbsp;and&nbsp;<strong>GitHub features</strong>. In Chapter 5, 6 and 7, we will go through each command and feature one by one.</p>\r\n\r\n<ol>\r\n</ol>\r\n", "tags": "Nas", "created_at": "2022-07-19T13:33:37.556Z", "updated_at": "2022-07-19T13:34:28.138Z", "liked": []}}, {"model": "webapi.reviewmodel", "pk": 157, "fields": {"title": "Ice Cube", "author": 8, "images": "media/uploads/8_MvPE1oU_Qk1xfsx.svg", "categories": 166, "only_to_my_page": false, "unique_identifier": 828288819987, "meta_keywords": null, "meta_description": "Ice Cube", "OGP": "Ice Cube", "content": "<p>The goal of this chapter is to help you understand how to set up Git on your local computer and configure initial settings&nbsp;for GitHub from its website.&nbsp;</p>\r\n\r\n<p>To set up Git &amp; GitHub,&nbsp;you need to take the following&nbsp;<strong>four key&nbsp;steps</strong>.</p>\r\n\r\n<h2><span style=\"color:#2980b9\">Step 1: Install Git</span></h2>\r\n\r\n<p>To use Git on your computer, you need to download and install it first. Installation approaches differ by OS (Mac OS, Windows and Linux).</p>\r\n\r\n<h2><span style=\"color:#2980b9\">Step 2: Git User Settings</span></h2>\r\n\r\n<p>As Git is a tool to record coding histories including the author of edits, you need to register your basic information (i.e., username and email address). You can also register your preferred text editor which is used when you make commit messages.</p>\r\n\r\n<h2><span style=\"color:#3498db\">Step 3: GitHub Signup</span></h2>\r\n\r\n<p>To use GitHub, you need to sign up for the GitHub service on its website. GitHub provides a free plan. You can start with the free plan for learning purposes.&nbsp;</p>\r\n\r\n<h2><span style=\"color:#2980b9\">Step 4: GitHub Access Authentication Settings</span></h2>\r\n\r\n<p>To access GitHub from the command line, you need to have proper authentication settings in place. Common authentication approaches for GitHub are HTTPS and SSH. For HTTPS, you need to generate PAT (Personal Access Token) to use it as a password to access a Remote Repository.</p>\r\n", "tags": "Ice Cube", "created_at": "2022-07-19T13:43:53.646Z", "updated_at": "2022-07-19T13:43:53.646Z", "liked": []}}, {"model": "webapi.reviewmodel", "pk": 158, "fields": {"title": "Testing topic", "author": 8, "images": "media/uploads/8_MvPE1oU_bAXpMAP.svg", "categories": 168, "only_to_my_page": false, "unique_identifier": 442232133344, "meta_keywords": null, "meta_description": "Testing topic", "OGP": "Testing topic", "content": "<h3>Icons</h3>\r\n\r\n<p>Throughout the course, we are using some icons to improve understanding.</p>\r\n\r\n<p><strong>Git and GitHub icons</strong></p>\r\n\r\n<ul>\r\n\t<li>You can find the Git icon&nbsp;<img alt=\"\" src=\"https://s3.amazonaws.com/test.bloovee.com/git.svg\" />&nbsp;or&nbsp;GitHub icon&nbsp;<img alt=\"\" src=\"https://s3.amazonaws.com/test.bloovee.com/github.svg\" />&nbsp;on the top right of each main slide. The icons are indications&nbsp;of which platform&#39;s explanations&nbsp;are covered on the page. If both icons are shown, the page explains both topics or intersections of the two platforms.</li>\r\n</ul>\r\n\r\n<p>&nbsp;</p>\r\n\r\n<p><strong>Practice Section</strong></p>\r\n\r\n<ul>\r\n\t<li>We prepared a practice section&nbsp;on some pages to demonstrate key commands and operations in&nbsp;the web browser&nbsp;. The demonstration is based on MacOS computer, however, the demonstration is also largely applicable to other OS like Windows and Linux.</li>\r\n\t<li>To make clear how&nbsp;to use the command line or text editor, we use the following icons before the black box to describe code or a command.\r\n\t<ul>\r\n\t\t<li>\r\n\t\t<p><img alt=\"\" src=\"https://s3.amazonaws.com/test.bloovee.com/command_line_icon_blue.svg\" />&nbsp;Command Line - INPUT</p>\r\n\t\t&nbsp;: when you see this icon, you need to make inputs in&nbsp;the&nbsp;command line based on the instruction.</li>\r\n\t\t<li>\r\n\t\t<p><img alt=\"\" src=\"https://s3.amazonaws.com/test.bloovee.com/response_icon_blue.svg\" />&nbsp;Command Line - RESPONSE</p>\r\n\t\t&nbsp;: this icon indicates that the descriptions below the icon are&nbsp;responses in the&nbsp;command line after your command line input</li>\r\n\t\t<li>\r\n\t\t<p><img alt=\"\" src=\"https://s3.amazonaws.com/test.bloovee.com/Interactive_icon_blue.svg\" />&nbsp;Command Line - INTERACTIVE</p>\r\n\t\t&nbsp;: in some cases, the command line requires interactive sessions, for example, when it is asking your password. This icon indicates that you need to make inputs based on the command line&#39;s request.</li>\r\n\t\t<li>\r\n\t\t<p><img alt=\"\" src=\"https://s3.amazonaws.com/test.bloovee.com/editor_icon_blue.svg\" />&nbsp;Text Editor</p>\r\n\t\t&nbsp;: when you write code or make a commit message for Git, you need a text editor. This icon indicates that the descriptions below the icon need to be written in your&nbsp;text editor.</li>\r\n\t</ul>\r\n\t</li>\r\n\t<li>You can find pages which have a practice section on main slides. If there is this icon&nbsp;<img alt=\"\" src=\"https://s3.amazonaws.com/test.bloovee.com/practice_tag_icon.svg\" />&nbsp;in the bottom left of the slide, the page includes practice section.</li>\r\n</ul>\r\n", "tags": "Testing topic", "created_at": "2022-07-19T18:23:24.990Z", "updated_at": "2022-07-19T18:23:24.990Z", "liked": []}}, {"model": "webapi.reviewmodel", "pk": 159, "fields": {"title": "This is test ", "author": 111, "images": "media/uploads/20_6lr1G0B_QxjZrg5.svg", "categories": 168, "only_to_my_page": false, "unique_identifier": 442232138909, "meta_keywords": null, "meta_description": "This is test ", "OGP": "This is test ", "content": "<p>On this page onwards, we&#39;ll talk about Case 1 shown on the previous page first as Case 1&nbsp;is the basis&nbsp;for Case 2 and Case 3. As explained, Case 1 is the case for a project initiator who is launching a Git project on&nbsp;the local computer. The target of a Git&nbsp;project launch in Case 1 is to establish the situation where the project files are shared via a GitHub Remote Repository so that developers in Case 2 and Case 3 can access&nbsp;the project files.</p>\r\n\r\n<p>On the following pages, we&#39;ll explain about the four key steps for Case 1 with the Git key commands.</p>\r\n\r\n<h3><strong>Step 1. Create a Local Repository</strong></h3>\r\n\r\n<ul>\r\n\t<li>By running the&nbsp;<strong>$ git init&nbsp;</strong>command, create a Local Repository in&nbsp;a&nbsp;project directory on the local computer</li>\r\n</ul>\r\n\r\n<h3><strong>Step 2. Work with a Local Repository</strong></h3>\r\n\r\n<ul>\r\n\t<li>Edit project files and make a commit:&nbsp;the four basic key commands (<strong>$ git add</strong>,&nbsp;<strong>$ git commit</strong>,&nbsp;<strong>$ git status</strong>,&nbsp;<strong>$ git log</strong>)</li>\r\n\t<li>Utilize the&nbsp;<strong>.gitignore</strong>&nbsp;file: a list of files to be ignored by the Git system</li>\r\n</ul>\r\n\r\n<h3><strong>Step 3. Set up a Remote Repository</strong></h3>\r\n\r\n<ul>\r\n\t<li>Create a new repository on GitHub</li>\r\n\t<li>Invite collaborators to the Remote Repository on GitHub</li>\r\n</ul>\r\n\r\n<h3><strong>Step 4. Start sharing project files</strong></h3>\r\n\r\n<ul>\r\n\t<li>Establish a link between Remote and Local Repositories by registering a URL of the Remote Repository in the Local Repository:&nbsp;<strong>$ git remote add</strong></li>\r\n\t<li>Upload project files:&nbsp;<strong>$ git push</strong></li>\r\n</ul>\r\n\r\n<p>The first two steps are done on the local computer. If you want to understand&nbsp;Git operations in the local environment first, you can go through the first two steps and then go to Chapter 5 and Chapter 6 to learn more about&nbsp;Git local operations.</p>\r\n", "tags": "This is test ", "created_at": "2022-07-20T13:34:31.231Z", "updated_at": "2022-07-20T13:34:31.231Z", "liked": []}}, {"model": "webapi.reviewmodel", "pk": 160, "fields": {"title": "Advance", "author": 8, "images": "", "categories": 172, "only_to_my_page": false, "unique_identifier": 1010010, "meta_keywords": "-", "meta_description": "-", "OGP": "-", "content": "<p>GitHub, Inc. is a provider of Internet hosting for software development and version control using Git. It offers the distributed version control and source code management functionality of Git, plus its own features.</p>", "tags": "Advance", "created_at": "2022-08-03T06:42:12.521Z", "updated_at": "2022-08-03T06:42:12.521Z", "liked": []}}, {"model": "webapi.feedback", "pk": 4, "fields": {"topic": 123, "author": 8, "opinion": "good"}}, {"model": "webapi.feedback", "pk": 5, "fields": {"topic": 122, "author": 111, "opinion": "wow"}}, {"model": "webapi.feedback", "pk": 6, "fields": {"topic": 122, "author": 8, "opinion": "yes"}}, {"model": "webapi.recentlyviewcourse", "pk": 52, "fields": {"author": 8, "course_id": 113, "created_at": "2022-07-01T08:02:01.345Z", "BookmarkStatus": false}}, {"model": "webapi.recentlyviewcourse", "pk": 53, "fields": {"author": 8, "course_id": 117, "created_at": "2022-07-02T11:35:40.718Z", "BookmarkStatus": false}}, {"model": "webapi.recentlyviewcourse", "pk": 54, "fields": {"author": 8, "course_id": 118, "created_at": "2022-07-02T11:35:48.431Z", "BookmarkStatus": false}}, {"model": "webapi.recentlyviewcourse", "pk": 55, "fields": {"author": 8, "course_id": 160, "created_at": "2022-07-04T07:28:47.022Z", "BookmarkStatus": false}}, {"model": "webapi.recentlyviewcourse", "pk": 56, "fields": {"author": 8, "course_id": 153, "created_at": "2022-07-04T07:30:50.146Z", "BookmarkStatus": false}}, {"model": "webapi.recentlyviewcourse", "pk": 57, "fields": {"author": 8, "course_id": 116, "created_at": "2022-07-04T07:34:24.241Z", "BookmarkStatus": false}}, {"model": "webapi.recentlyviewcourse", "pk": 58, "fields": {"author": 8, "course_id": 115, "created_at": "2022-07-04T09:56:44.200Z", "BookmarkStatus": false}}, {"model": "webapi.recentlyviewcourse", "pk": 59, "fields": {"author": 8, "course_id": 114, "created_at": "2022-07-04T09:57:54.224Z", "BookmarkStatus": false}}, {"model": "webapi.recentlyviewcourse", "pk": 60, "fields": {"author": 10, "course_id": 156, "created_at": "2022-07-04T10:25:48.604Z", "BookmarkStatus": false}}, {"model": "webapi.recentlyviewcourse", "pk": 61, "fields": {"author": 8, "course_id": 150, "created_at": "2022-07-04T10:26:33.036Z", "BookmarkStatus": false}}, {"model": "webapi.recentlyviewcourse", "pk": 62, "fields": {"author": 10, "course_id": 154, "created_at": "2022-07-05T06:28:49.494Z", "BookmarkStatus": false}}, {"model": "webapi.recentlyviewcourse", "pk": 63, "fields": {"author": 10, "course_id": 120, "created_at": "2022-07-05T08:28:26.947Z", "BookmarkStatus": false}}, {"model": "webapi.recentlyviewcourse", "pk": 64, "fields": {"author": 10, "course_id": 121, "created_at": "2022-07-05T11:29:39.592Z", "BookmarkStatus": false}}, {"model": "webapi.recentlyviewcourse", "pk": 65, "fields": {"author": 8, "course_id": 158, "created_at": "2022-07-05T12:46:49.622Z", "BookmarkStatus": false}}, {"model": "webapi.recentlyviewcourse", "pk": 66, "fields": {"author": 8, "course_id": 159, "created_at": "2022-07-05T12:47:26.913Z", "BookmarkStatus": false}}, {"model": "webapi.recentlyviewcourse", "pk": 67, "fields": {"author": 8, "course_id": 162, "created_at": "2022-07-05T13:19:17.270Z", "BookmarkStatus": false}}, {"model": "webapi.recentlyviewcourse", "pk": 68, "fields": {"author": 8, "course_id": 152, "created_at": "2022-07-06T07:49:14.907Z", "BookmarkStatus": false}}, {"model": "webapi.recentlyviewcourse", "pk": 69, "fields": {"author": 8, "course_id": 164, "created_at": "2022-07-18T08:49:23.533Z", "BookmarkStatus": false}}, {"model": "webapi.recentlyviewcourse", "pk": 70, "fields": {"author": 115, "course_id": 149, "created_at": "2022-07-18T19:18:03.204Z", "BookmarkStatus": false}}, {"model": "webapi.recentlyviewcourse", "pk": 71, "fields": {"author": 115, "course_id": 166, "created_at": "2022-07-18T19:19:11.052Z", "BookmarkStatus": false}}, {"model": "webapi.recentlyviewcourse", "pk": 72, "fields": {"author": 111, "course_id": 168, "created_at": "2022-07-20T13:31:34.454Z", "BookmarkStatus": false}}, {"model": "webapi.recentlyviewcourse", "pk": 73, "fields": {"author": 8, "course_id": 119, "created_at": "2022-07-21T17:06:58.942Z", "BookmarkStatus": false}}, {"model": "webapi.recentlyviewcontent", "pk": 17, "fields": {"author": 8, "content_id": 128, "BookmarkStatus": false, "created_at": "2022-08-03T08:55:18Z"}}, {"model": "webapi.recentlyviewcontent", "pk": 18, "fields": {"author": 8, "content_id": 129, "BookmarkStatus": false, "created_at": "2022-08-02T08:01:43Z"}}, {"model": "webapi.recentlyviewcontent", "pk": 19, "fields": {"author": 8, "content_id": 138, "BookmarkStatus": false, "created_at": "2022-07-04T11:07:40.041Z"}}, {"model": "webapi.recentlyviewcontent", "pk": 20, "fields": {"author": 8, "content_id": 136, "BookmarkStatus": false, "created_at": "2022-07-04T11:15:56.434Z"}}, {"model": "webapi.recentlyviewcontent", "pk": 21, "fields": {"author": 8, "content_id": 148, "BookmarkStatus": false, "created_at": "2022-07-21T16:39:54.389Z"}}, {"model": "webapi.recentlyviewcontent", "pk": 22, "fields": {"author": 10, "content_id": 124, "BookmarkStatus": false, "created_at": "2022-07-04T11:24:14.811Z"}}, {"model": "webapi.recentlyviewcontent", "pk": 23, "fields": {"author": 10, "content_id": 126, "BookmarkStatus": false, "created_at": "2022-07-04T13:58:34.803Z"}}, {"model": "webapi.recentlyviewcontent", "pk": 24, "fields": {"author": 10, "content_id": 125, "BookmarkStatus": false, "created_at": "2022-07-05T06:35:03.831Z"}}, {"model": "webapi.recentlyviewcontent", "pk": 25, "fields": {"author": 8, "content_id": 133, "BookmarkStatus": false, "created_at": "2022-07-05T08:20:12.047Z"}}, {"model": "webapi.recentlyviewcontent", "pk": 26, "fields": {"author": 10, "content_id": 127, "BookmarkStatus": false, "created_at": "2022-07-05T10:12:13.741Z"}}, {"model": "webapi.recentlyviewcontent", "pk": 27, "fields": {"author": 10, "content_id": 134, "BookmarkStatus": false, "created_at": "2022-07-05T11:28:59.645Z"}}, {"model": "webapi.recentlyviewcontent", "pk": 28, "fields": {"author": 10, "content_id": 145, "BookmarkStatus": false, "created_at": "2022-07-05T11:29:45.399Z"}}, {"model": "webapi.recentlyviewcontent", "pk": 29, "fields": {"author": 10, "content_id": 130, "BookmarkStatus": false, "created_at": "2022-07-05T11:33:12.708Z"}}, {"model": "webapi.recentlyviewcontent", "pk": 30, "fields": {"author": 10, "content_id": 131, "BookmarkStatus": false, "created_at": "2022-07-05T11:53:03.117Z"}}, {"model": "webapi.recentlyviewcontent", "pk": 31, "fields": {"author": 10, "content_id": 135, "BookmarkStatus": false, "created_at": "2022-07-05T12:06:59.372Z"}}, {"model": "webapi.recentlyviewcontent", "pk": 32, "fields": {"author": 10, "content_id": 132, "BookmarkStatus": false, "created_at": "2022-07-05T12:19:52.523Z"}}, {"model": "webapi.recentlyviewcontent", "pk": 33, "fields": {"author": 10, "content_id": 137, "BookmarkStatus": false, "created_at": "2022-07-09T12:56:56.879Z"}}, {"model": "webapi.recentlyviewcontent", "pk": 34, "fields": {"author": 8, "content_id": 139, "BookmarkStatus": false, "created_at": "2022-07-18T11:49:13.944Z"}}, {"model": "webapi.recentlyviewcontent", "pk": 35, "fields": {"author": 114, "content_id": 147, "BookmarkStatus": false, "created_at": "2022-07-18T15:27:18.658Z"}}, {"model": "webapi.recentlyviewcontent", "pk": 36, "fields": {"author": 8, "content_id": 140, "BookmarkStatus": false, "created_at": "2022-07-18T17:26:06.201Z"}}, {"model": "webapi.recentlyviewcontent", "pk": 37, "fields": {"author": 115, "content_id": 154, "BookmarkStatus": false, "created_at": "2022-07-18T19:19:13.640Z"}}, {"model": "webapi.recentlyviewcontent", "pk": 38, "fields": {"author": 8, "content_id": 155, "BookmarkStatus": false, "created_at": "2022-07-19T13:29:26.582Z"}}, {"model": "webapi.recentlyviewcontent", "pk": 39, "fields": {"author": 8, "content_id": 157, "BookmarkStatus": false, "created_at": "2022-07-19T13:45:19.688Z"}}, {"model": "webapi.recentlyviewcontent", "pk": 40, "fields": {"author": 8, "content_id": 156, "BookmarkStatus": false, "created_at": "2022-07-19T14:06:27.061Z"}}, {"model": "webapi.recentlyviewcontent", "pk": 41, "fields": {"author": 8, "content_id": 143, "BookmarkStatus": false, "created_at": "2022-07-20T12:07:50.325Z"}}, {"model": "webapi.recentlyviewcontent", "pk": 42, "fields": {"author": 10, "content_id": 159, "BookmarkStatus": false, "created_at": "2022-07-20T17:16:09.659Z"}}, {"model": "webapi.recentlyviewcontent", "pk": 43, "fields": {"author": 10, "content_id": 158, "BookmarkStatus": false, "created_at": "2022-07-20T17:18:01.025Z"}}, {"model": "webapi.recentlyviewcontent", "pk": 44, "fields": {"author": 10, "content_id": 136, "BookmarkStatus": false, "created_at": "2022-07-21T08:02:36.023Z"}}, {"model": "webapi.recentlyviewcontent", "pk": 45, "fields": {"author": 10, "content_id": 128, "BookmarkStatus": false, "created_at": "2022-07-21T08:13:08.368Z"}}, {"model": "webapi.recentlyviewcontent", "pk": 46, "fields": {"author": 117, "content_id": 127, "BookmarkStatus": false, "created_at": "2022-07-21T13:08:46.605Z"}}, {"model": "webapi.recentlyviewcontent", "pk": 47, "fields": {"author": 117, "content_id": 129, "BookmarkStatus": false, "created_at": "2022-07-21T14:25:39.110Z"}}, {"model": "webapi.recentlyviewcontent", "pk": 48, "fields": {"author": 117, "content_id": 135, "BookmarkStatus": false, "created_at": "2022-07-21T14:28:11.334Z"}}, {"model": "webapi.recentlyviewcontent", "pk": 49, "fields": {"author": 117, "content_id": 125, "BookmarkStatus": false, "created_at": "2022-07-21T14:55:54.843Z"}}, {"model": "webapi.recentlyviewcontent", "pk": 50, "fields": {"author": 8, "content_id": 126, "BookmarkStatus": false, "created_at": "2022-07-21T16:39:47.902Z"}}, {"model": "webapi.recentlyviewcontent", "pk": 51, "fields": {"author": 8, "content_id": 124, "BookmarkStatus": false, "created_at": "2022-07-21T16:37:52.881Z"}}, {"model": "webapi.recentlyviewcontent", "pk": 52, "fields": {"author": 8, "content_id": 125, "BookmarkStatus": false, "created_at": "2022-07-21T16:37:59.118Z"}}, {"model": "webapi.recentlyviewcontent", "pk": 53, "fields": {"author": 8, "content_id": 147, "BookmarkStatus": false, "created_at": "2022-07-21T16:39:34.112Z"}}, {"model": "webapi.recentlyviewcontent", "pk": 54, "fields": {"author": 8, "content_id": 141, "BookmarkStatus": false, "created_at": "2022-07-21T17:07:04.549Z"}}, {"model": "webapi.recentlyviewcontent", "pk": 55, "fields": {"author": 10, "content_id": 140, "BookmarkStatus": false, "created_at": "2022-07-21T17:09:47.448Z"}}, {"model": "webapi.recentlyviewcontent", "pk": 56, "fields": {"author": 117, "content_id": 124, "BookmarkStatus": false, "created_at": "2022-07-21T18:09:16.789Z"}}, {"model": "webapi.courserating", "pk": 25, "fields": {"course_id": 114, "rating": 5, "comment": "Best", "ratingStatus": "True", "commentstatus": "False", "author": 8}}, {"model": "webapi.courserating", "pk": 26, "fields": {"course_id": 116, "rating": 4, "comment": "Best", "ratingStatus": "True", "commentstatus": "False", "author": 8}}, {"model": "webapi.courserating", "pk": 27, "fields": {"course_id": 117, "rating": 5, "comment": "Best", "ratingStatus": "True", "commentstatus": "False", "author": 8}}, {"model": "webapi.courserating", "pk": 28, "fields": {"course_id": 120, "rating": 3, "comment": "best", "ratingStatus": "True", "commentstatus": "False", "author": 8}}, {"model": "webapi.courserating", "pk": 29, "fields": {"course_id": 121, "rating": 4, "comment": "heavy", "ratingStatus": "True", "commentstatus": "False", "author": 8}}, {"model": "webapi.courserating", "pk": 30, "fields": {"course_id": 115, "rating": 3, "comment": "yo", "ratingStatus": "True", "commentstatus": "False", "author": 8}}, {"model": "webapi.courserating", "pk": 31, "fields": {"course_id": 116, "rating": 5, "comment": "good", "ratingStatus": "True", "commentstatus": "False", "author": 10}}, {"model": "webapi.courserating", "pk": 32, "fields": {"course_id": 152, "rating": 4, "comment": "Good", "ratingStatus": "True", "commentstatus": "False", "author": 8}}, {"model": "webapi.courserating", "pk": 33, "fields": {"course_id": 118, "rating": 4, "comment": "perfect", "ratingStatus": "True", "commentstatus": "False", "author": 8}}, {"model": "webapi.courserating", "pk": 34, "fields": {"course_id": 117, "rating": 5, "comment": "wow", "ratingStatus": "True", "commentstatus": "False", "author": 111}}, {"model": "webapi.courserating", "pk": 35, "fields": {"course_id": 166, "rating": 5, "comment": "rap", "ratingStatus": "True", "commentstatus": "False", "author": 8}}, {"model": "webapi.courserating", "pk": 36, "fields": {"course_id": 168, "rating": 3, "comment": "ok", "ratingStatus": "True", "commentstatus": "False", "author": 10}}, {"model": "webapi.courserating", "pk": 37, "fields": {"course_id": 113, "rating": 0, "comment": "cccc", "ratingStatus": "True", "commentstatus": "False", "author": 114}}, {"model": "webapi.bookmarkname", "pk": 63, "fields": {"name": "New icon", "colorcode": "#FFAA1D", "user": 115}}, {"model": "webapi.bookmarkname", "pk": 66, "fields": {"name": "fsdfsdfsdf", "colorcode": "#FFAA1D", "user": 10}}, {"model": "webapi.bookmarkname", "pk": 67, "fields": {"name": "fdsfdsfsdf", "colorcode": "#C8C8C8", "user": 10}}, {"model": "webapi.bookmarkname", "pk": 68, "fields": {"name": "fsesd", "colorcode": "#FFAA1D", "user": 8}}, {"model": "webapi.bookmarkname", "pk": 69, "fields": {"name": "fsdf", "colorcode": "#C8C8C8", "user": 8}}, {"model": "webapi.coursepriority", "pk": 140, "fields": {"author": 8, "content_id": 160, "PriorityType": "highpriority"}}, {"model": "webapi.coursepriority", "pk": 141, "fields": {"author": 8, "content_id": 124, "PriorityType": "Dayend"}}, {"model": "webapi.filebridge", "pk": 1, "fields": {"files": "exportfiles/reviewpost_category.xlsx"}}, {"model": "webapi.filebridge", "pk": 2, "fields": {"files": "exportfiles/category_courses.xlsx"}}, {"model": "webapi.filebridge", "pk": 3, "fields": {"files": "exportfiles/category_courses_u9KnEuB.xlsx"}}, {"model": "webapi.filebridge", "pk": 4, "fields": {"files": "exportfiles/category_courses_pFdlcH4.xlsx"}}, {"model": "webapi.filebridge", "pk": 5, "fields": {"files": "exportfiles/category_courses_S820F2k.xlsx"}}, {"model": "webapi.filebridge", "pk": 6, "fields": {"files": "exportfiles/category_courses_hsXtElb.xlsx"}}, {"model": "webapi.filebridge", "pk": 7, "fields": {"files": "exportfiles/category_courses_L0sZFqD.xlsx"}}, {"model": "webapi.filebridge", "pk": 8, "fields": {"files": "exportfiles/category_courses_QxILdaE.xlsx"}}, {"model": "webapi.filebridge", "pk": 9, "fields": {"files": "exportfiles/category_courses_CLvj7gQ.xlsx"}}, {"model": "webapi.filebridge", "pk": 10, "fields": {"files": "exportfiles/category_courses_68D0LkH.xlsx"}}, {"model": "webapi.filebridge", "pk": 11, "fields": {"files": "exportfiles/category_courses_CgWvgbk.xlsx"}}, {"model": "webapi.filebridge", "pk": 12, "fields": {"files": "exportfiles/category_courses_FLKMwin.xlsx"}}, {"model": "webapi.filebridge", "pk": 13, "fields": {"files": "exportfiles/category_courses_P3ObliO.xlsx"}}, {"model": "webapi.filebridge", "pk": 14, "fields": {"files": "exportfiles/category_courses_NPG8XCg.xlsx"}}, {"model": "webapi.filebridge", "pk": 15, "fields": {"files": "exportfiles/category_courses_RSMcwW8.xlsx"}}, {"model": "webapi.filebridge", "pk": 16, "fields": {"files": "exportfiles/category_courses_5672S7a.xlsx"}}, {"model": "webapi.filebridge", "pk": 17, "fields": {"files": "exportfiles/category_courses_iDQZvQg.xlsx"}}, {"model": "webapi.filebridge", "pk": 18, "fields": {"files": "exportfiles/category_courses_XdEBCjX.xlsx"}}, {"model": "webapi.filebridge", "pk": 19, "fields": {"files": "exportfiles/category_courses_yv3TCoR.xlsx"}}, {"model": "webapi.filebridge", "pk": 20, "fields": {"files": "exportfiles/category_courses_lBGADCB.xlsx"}}, {"model": "webapi.filebridge", "pk": 21, "fields": {"files": "exportfiles/category_courses_4pc3Nrg.xlsx"}}, {"model": "webapi.filebridge", "pk": 22, "fields": {"files": "exportfiles/category_courses_MmwXMEe.xlsx"}}, {"model": "webapi.filebridge", "pk": 23, "fields": {"files": "exportfiles/category_courses_lyRGwJ1.xlsx"}}, {"model": "webapi.filebridge", "pk": 24, "fields": {"files": "exportfiles/category_courses_cPQrlxw.xlsx"}}, {"model": "webapi.filebridge", "pk": 25, "fields": {"files": "exportfiles/category_courses_5UfOEgo.xlsx"}}, {"model": "webapi.filebridge", "pk": 26, "fields": {"files": "exportfiles/category_courses_2oNiP9K.xlsx"}}, {"model": "webapi.filebridge", "pk": 27, "fields": {"files": "exportfiles/category_courses_BsQNB6R.xlsx"}}]